Category,Page URL
cloths,https://facebook.com/100063995527438
cloths,https://l.facebook.com/l.php?u=http%3A%2F%2Finstagram.com%2Ffierobd&h=AT0Qg01uPssa6QJOAbZwqPPsFIiXh2PaR0OXtquYxQbK8XGPSQH7YPcTgS8aN9Thuc0zRZnwTYB4ZAn_T6NK828sjM2H80lEUoQd26J-n6-G24h_p1-IT7CQwXaVqdH7GvvQyVz5d0ri63b9IjO53A
cloths,https://l.facebook.com/l.php?u=http%3A%2F%2Fplay.google.com%2Fstore%2Fapps%2Fdetails%3Fid%3Dcom.fixuai.fundress&h=AT0Qg01uPssa6QJOAbZwqPPsFIiXh2PaR0OXtquYxQbK8XGPSQH7YPcTgS8aN9Thuc0zRZnwTYB4ZAn_T6NK828sjM2H80lEUoQd26J-n6-G24h_p1-IT7CQwXaVqdH7GvvQyVz5d0ri63b9IjO53A
cloths,https://l.facebook.com/l.php?u=http%3A%2F%2Fwww.beautyandtheboutique.com%2F&h=AT0Qg01uPssa6QJOAbZwqPPsFIiXh2PaR0OXtquYxQbK8XGPSQH7YPcTgS8aN9Thuc0zRZnwTYB4ZAn_T6NK828sjM2H80lEUoQd26J-n6-G24h_p1-IT7CQwXaVqdH7GvvQyVz5d0ri63b9IjO53A
cloths,https://l.facebook.com/l.php?u=http%3A%2F%2Fwww.outinget.com%2Fproducts%2Fmultipurpose-wire-miracle-cleaning-cloths-2&h=AT0Qg01uPssa6QJOAbZwqPPsFIiXh2PaR0OXtquYxQbK8XGPSQH7YPcTgS8aN9Thuc0zRZnwTYB4ZAn_T6NK828sjM2H80lEUoQd26J-n6-G24h_p1-IT7CQwXaVqdH7GvvQyVz5d0ri63b9IjO53A
cloths,https://l.facebook.com/l.php?u=https%3A%2F%2Fbeautyandtheboutique.com%2Fblogs%2Fnews%2Fmature-eyeshadow-masterclass&h=AT0Qg01uPssa6QJOAbZwqPPsFIiXh2PaR0OXtquYxQbK8XGPSQH7YPcTgS8aN9Thuc0zRZnwTYB4ZAn_T6NK828sjM2H80lEUoQd26J-n6-G24h_p1-IT7CQwXaVqdH7GvvQyVz5d0ri63b9IjO53A
cloths,https://l.facebook.com/l.php?u=https%3A%2F%2Fclicksites.ai%2Ffbdeal%2F&h=AT0Qg01uPssa6QJOAbZwqPPsFIiXh2PaR0OXtquYxQbK8XGPSQH7YPcTgS8aN9Thuc0zRZnwTYB4ZAn_T6NK828sjM2H80lEUoQd26J-n6-G24h_p1-IT7CQwXaVqdH7GvvQyVz5d0ri63b9IjO53A
cloths,https://l.facebook.com/l.php?u=https%3A%2F%2Fdleasurem.com%2Fproducts%2Freusable-absorbent-cleaning-cloths-buy-more-save-more&h=AT0Qg01uPssa6QJOAbZwqPPsFIiXh2PaR0OXtquYxQbK8XGPSQH7YPcTgS8aN9Thuc0zRZnwTYB4ZAn_T6NK828sjM2H80lEUoQd26J-n6-G24h_p1-IT7CQwXaVqdH7GvvQyVz5d0ri63b9IjO53A
cloths,https://l.facebook.com/l.php?u=https%3A%2F%2Ffatednovel.readlife.mobi%2Fhn0eq24lg0.html&h=AT0Qg01uPssa6QJOAbZwqPPsFIiXh2PaR0OXtquYxQbK8XGPSQH7YPcTgS8aN9Thuc0zRZnwTYB4ZAn_T6NK828sjM2H80lEUoQd26J-n6-G24h_p1-IT7CQwXaVqdH7GvvQyVz5d0ri63b9IjO53A
cloths,https://l.facebook.com/l.php?u=https%3A%2F%2Ffb.com%2Fmessenger_doc%2F&h=AT0Qg01uPssa6QJOAbZwqPPsFIiXh2PaR0OXtquYxQbK8XGPSQH7YPcTgS8aN9Thuc0zRZnwTYB4ZAn_T6NK828sjM2H80lEUoQd26J-n6-G24h_p1-IT7CQwXaVqdH7GvvQyVz5d0ri63b9IjO53A
cloths,https://l.facebook.com/l.php?u=https%3A%2F%2Fmcdougall.co.uk%2F&h=AT0Qg01uPssa6QJOAbZwqPPsFIiXh2PaR0OXtquYxQbK8XGPSQH7YPcTgS8aN9Thuc0zRZnwTYB4ZAn_T6NK828sjM2H80lEUoQd26J-n6-G24h_p1-IT7CQwXaVqdH7GvvQyVz5d0ri63b9IjO53A
cloths,https://l.facebook.com/l.php?u=https%3A%2F%2Fmuslimcloths.com%2Fproduct-category%2Fcampaign%2Fextra-koti-ful%2F&h=AT0Qg01uPssa6QJOAbZwqPPsFIiXh2PaR0OXtquYxQbK8XGPSQH7YPcTgS8aN9Thuc0zRZnwTYB4ZAn_T6NK828sjM2H80lEUoQd26J-n6-G24h_p1-IT7CQwXaVqdH7GvvQyVz5d0ri63b9IjO53A
cloths,https://l.facebook.com/l.php?u=https%3A%2F%2Fmylofamily.com%2Fcategory%2FDay-And-Night-Diapers%3Ffbclid%3Dfbclid&h=AT0Qg01uPssa6QJOAbZwqPPsFIiXh2PaR0OXtquYxQbK8XGPSQH7YPcTgS8aN9Thuc0zRZnwTYB4ZAn_T6NK828sjM2H80lEUoQd26J-n6-G24h_p1-IT7CQwXaVqdH7GvvQyVz5d0ri63b9IjO53A
cloths,https://l.facebook.com/l.php?u=https%3A%2F%2Fw2a.lanquetech.com%2F%3Fbook_id%3D12028%26pid%3D1070952044840261%26sid%3Dreadora_android_h5%26campaign_id%3D%257B%257Bcampaign.id%257D%257D&h=AT0Qg01uPssa6QJOAbZwqPPsFIiXh2PaR0OXtquYxQbK8XGPSQH7YPcTgS8aN9Thuc0zRZnwTYB4ZAn_T6NK828sjM2H80lEUoQd26J-n6-G24h_p1-IT7CQwXaVqdH7GvvQyVz5d0ri63b9IjO53A
cloths,https://l.facebook.com/l.php?u=https%3A%2F%2Fwww.muslimcloths.com%2Fproduct-category%2Fcampaign%2Fjafran-bot-pata%2F&h=AT0Qg01uPssa6QJOAbZwqPPsFIiXh2PaR0OXtquYxQbK8XGPSQH7YPcTgS8aN9Thuc0zRZnwTYB4ZAn_T6NK828sjM2H80lEUoQd26J-n6-G24h_p1-IT7CQwXaVqdH7GvvQyVz5d0ri63b9IjO53A
cloths,https://l.facebook.com/l.php?u=https%3A%2F%2Fwww.publishg.com%2Fproducts%2F10-counts-dishwashing-rags&h=AT0Qg01uPssa6QJOAbZwqPPsFIiXh2PaR0OXtquYxQbK8XGPSQH7YPcTgS8aN9Thuc0zRZnwTYB4ZAn_T6NK828sjM2H80lEUoQd26J-n6-G24h_p1-IT7CQwXaVqdH7GvvQyVz5d0ri63b9IjO53A
cloths,https://www.facebook.com/100054567694984
cloths,https://www.facebook.com/100063995527438
cloths,https://www.facebook.com/100066834284989
cloths,https://www.facebook.com/100084986613463
cloths,https://www.facebook.com/100091751059596
cloths,https://www.facebook.com/61554599464975
cloths,https://www.facebook.com/61556607431383
cloths,https://www.facebook.com/61564901799623
cloths,https://www.facebook.com/61566151783062
cloths,https://www.facebook.com/61568597837993
cloths,https://www.facebook.com/61572993482712
cloths,https://www.facebook.com/61574296192864
cloths,https://www.facebook.com/Agahkamrankhan325
cloths,https://www.facebook.com/BSZcloth
cloths,https://www.facebook.com/JDMcDougall
cloths,https://www.facebook.com/alhadidlifestyle
cloths,https://www.facebook.com/beautyandtheboutique
cloths,https://www.facebook.com/fierobd
cloths,https://www.facebook.com/hanakomart
cloths,https://www.facebook.com/marinershousing
cloths,https://www.facebook.com/mizansenglish
cloths,https://www.facebook.com/modernshari
cloths,https://www.facebook.com/muslimclothsbrand
cloths,https://www.facebook.com/mylofamily.baby
cloths,https://www.facebook.com/nutshelltoday
cloths,https://www.facebook.com/rubiathscollections
cloths,https://www.facebook.com/thefrontpagebd
cloths,https://www.facebook.com/yairapoint
dress,https://l.facebook.com/l.php?u=http%3A%2F%2Fplay.google.com%2Fstore%2Fapps%2Fdetails%3Fid%3Dcom.newleaf.app.android.victor&h=AT0Xe-5enbUMmn8cKtWr_jOlX12H9gEltPWPOuc1qqFypn-3TUWtmppZ3tfCfBcJ5SCYQuRiH6DRlD4QtE11B9AZo8VsjPYcXcISuDuggmXLJMFJj767wDt1vjJYn-KvVGbFqXoLMjKUK1mSDZMgcA
dress,https://l.facebook.com/l.php?u=http%3A%2F%2Fplay.google.com%2Fstore%2Fapps%2Fdetails%3Fid%3Dcom.stardust.kissreader&h=AT0Xe-5enbUMmn8cKtWr_jOlX12H9gEltPWPOuc1qqFypn-3TUWtmppZ3tfCfBcJ5SCYQuRiH6DRlD4QtE11B9AZo8VsjPYcXcISuDuggmXLJMFJj767wDt1vjJYn-KvVGbFqXoLMjKUK1mSDZMgcA
dress,https://l.facebook.com/l.php?u=http%3A%2F%2Fwa.me%2F%2B8801301778868&h=AT0Xe-5enbUMmn8cKtWr_jOlX12H9gEltPWPOuc1qqFypn-3TUWtmppZ3tfCfBcJ5SCYQuRiH6DRlD4QtE11B9AZo8VsjPYcXcISuDuggmXLJMFJj767wDt1vjJYn-KvVGbFqXoLMjKUK1mSDZMgcA
dress,https://l.facebook.com/l.php?u=http%3A%2F%2Fwww.dsplife.net%2F&h=AT0Xe-5enbUMmn8cKtWr_jOlX12H9gEltPWPOuc1qqFypn-3TUWtmppZ3tfCfBcJ5SCYQuRiH6DRlD4QtE11B9AZo8VsjPYcXcISuDuggmXLJMFJj767wDt1vjJYn-KvVGbFqXoLMjKUK1mSDZMgcA
dress,https://l.facebook.com/l.php?u=https%3A%2F%2Fads.playlet.com%2Fads%2F%3Flink_id%3DZ1141ptjr%26is_video%3D0%26ad_id%3D%257B%257Bad.id%257D%257D%26campaign_id%3D%257B%257Bcampaign.id%257D%257D%26adgroup_id%3D%257B%257Badset.id%257D%257D%26placement%3D%257B%257Bplacement%257D%257D%26ad_name%3D%257B%257Bad.name%257D%257D%26campaign_name%3D%257B%257Bcampaign.name%257D%257D%26adgroup_name%3D%257B%257Badset.name%257D%257D&h=AT0Xe-5enbUMmn8cKtWr_jOlX12H9gEltPWPOuc1qqFypn-3TUWtmppZ3tfCfBcJ5SCYQuRiH6DRlD4QtE11B9AZo8VsjPYcXcISuDuggmXLJMFJj767wDt1vjJYn-KvVGbFqXoLMjKUK1mSDZMgcA
dress,https://l.facebook.com/l.php?u=https%3A%2F%2Fdsplifestyle.myshopify.com%2F&h=AT0Xe-5enbUMmn8cKtWr_jOlX12H9gEltPWPOuc1qqFypn-3TUWtmppZ3tfCfBcJ5SCYQuRiH6DRlD4QtE11B9AZo8VsjPYcXcISuDuggmXLJMFJj767wDt1vjJYn-KvVGbFqXoLMjKUK1mSDZMgcA
dress,https://l.facebook.com/l.php?u=https%3A%2F%2Fdynamic.lightreader.com%2Fnoah-ssg%2Fwn%2F766754101%2F31920060608790905%2B1%2B4%2Bfacebook%3Futm_source%3D%257B%257Bcampaign.name%257D%257D%26utm_campaign%3D%257B%257Bcampaign.id%257D%257D%26utm_adset%3D%257B%257Badset.name%257D%257D&h=AT0Xe-5enbUMmn8cKtWr_jOlX12H9gEltPWPOuc1qqFypn-3TUWtmppZ3tfCfBcJ5SCYQuRiH6DRlD4QtE11B9AZo8VsjPYcXcISuDuggmXLJMFJj767wDt1vjJYn-KvVGbFqXoLMjKUK1mSDZMgcA
dress,https://l.facebook.com/l.php?u=https%3A%2F%2Ffb.dramabox.com%2Fdb_land_page%2FDLLPF1066928.html%3Flanguage%3Den%26timestamp%3D1748238043730%26channelCode%3DDLLPF1066928%26bid%3D41000115767%26utm_campaign%3D%257B%257Bcampaign.name%257D%257D%26utm_content%3D%257B%257Bcampaign.id%257D%257D%26ad_group_name%3D%257B%257Badset.name%257D%257D%26ad_group_id%3D%257B%257Badset.id%257D%257D%26ad_id%3D%257B%257Bad.id%257D%257D%26ad_name%3D%257B%257Bad.name%257D%257D&h=AT0Xe-5enbUMmn8cKtWr_jOlX12H9gEltPWPOuc1qqFypn-3TUWtmppZ3tfCfBcJ5SCYQuRiH6DRlD4QtE11B9AZo8VsjPYcXcISuDuggmXLJMFJj767wDt1vjJYn-KvVGbFqXoLMjKUK1mSDZMgcA
dress,https://l.facebook.com/l.php?u=https%3A%2F%2Ffbweb.moboreader.net%2F75217322-fb_contact-enp146_6-0517-core1.html%3Fadid%3D%257B%257Bad.id%257D%257D%26char%3D216543%26jump%3D0%26exdata%3D2540ECB994F407176F9BF165ADA38FC9CCDB0F5D625B52B2&h=AT0Xe-5enbUMmn8cKtWr_jOlX12H9gEltPWPOuc1qqFypn-3TUWtmppZ3tfCfBcJ5SCYQuRiH6DRlD4QtE11B9AZo8VsjPYcXcISuDuggmXLJMFJj767wDt1vjJYn-KvVGbFqXoLMjKUK1mSDZMgcA
dress,https://l.facebook.com/l.php?u=https%3A%2F%2Ffbweb.moboreader.net%2F75217322-fb_contact-enp146_6-0517-core1.html%3Fadid%3D%257B%257Bad.id%257D%257D%26char%3D216543%26jump%3D0%26exdata%3D2540ECB994F407179192422A40EEC3CB9FF538F7E33FF1F8&h=AT0Xe-5enbUMmn8cKtWr_jOlX12H9gEltPWPOuc1qqFypn-3TUWtmppZ3tfCfBcJ5SCYQuRiH6DRlD4QtE11B9AZo8VsjPYcXcISuDuggmXLJMFJj767wDt1vjJYn-KvVGbFqXoLMjKUK1mSDZMgcA
dress,https://l.facebook.com/l.php?u=https%3A%2F%2Ffbweb.moboreader.net%2F75217322-fb_contact-enp146_6-0517-core1.html%3Fadid%3D%257B%257Bad.id%257D%257D%26char%3D216543%26jump%3D0%26exdata%3D2540ECB994F40717D6492E55A2E84BF716792804AE2524E6&h=AT0Xe-5enbUMmn8cKtWr_jOlX12H9gEltPWPOuc1qqFypn-3TUWtmppZ3tfCfBcJ5SCYQuRiH6DRlD4QtE11B9AZo8VsjPYcXcISuDuggmXLJMFJj767wDt1vjJYn-KvVGbFqXoLMjKUK1mSDZMgcA
dress,https://l.facebook.com/l.php?u=https%3A%2F%2Ffbweb.moboreader.net%2F75217322-fb_contact-enp146_6-0517-core1.html%3Fadid%3D%257B%257Bad.id%257D%257D%26char%3D216543%26jump%3D0%26exdata%3D2540ECB994F40717DD7D894BFB08DF99B2F72BD69F4F37D4&h=AT0Xe-5enbUMmn8cKtWr_jOlX12H9gEltPWPOuc1qqFypn-3TUWtmppZ3tfCfBcJ5SCYQuRiH6DRlD4QtE11B9AZo8VsjPYcXcISuDuggmXLJMFJj767wDt1vjJYn-KvVGbFqXoLMjKUK1mSDZMgcA
dress,https://l.facebook.com/l.php?u=https%3A%2F%2Ffbweb.moboreader.net%2F75217322-fb_contact-enp146_6-0517-core1.html%3Fadid%3D%257B%257Bad.id%257D%257D%26char%3D216543%26jump%3D0%26exdata%3DBD5934005A64F18A5AFCCFD5EC439875100F11C7063BDABD&h=AT0Xe-5enbUMmn8cKtWr_jOlX12H9gEltPWPOuc1qqFypn-3TUWtmppZ3tfCfBcJ5SCYQuRiH6DRlD4QtE11B9AZo8VsjPYcXcISuDuggmXLJMFJj767wDt1vjJYn-KvVGbFqXoLMjKUK1mSDZMgcA
dress,https://l.facebook.com/l.php?u=https%3A%2F%2Ffbweb.moboreader.net%2F76390322-fb_contact-ena354_6-0517-core1.html%3Fadid%3D%257B%257Bad.id%257D%257D%26char%3D124213%26jump%3D1%26exdata%3D6AC1DF807446B4E801553B3582DA88C2788AE72EAE47F885&h=AT0Xe-5enbUMmn8cKtWr_jOlX12H9gEltPWPOuc1qqFypn-3TUWtmppZ3tfCfBcJ5SCYQuRiH6DRlD4QtE11B9AZo8VsjPYcXcISuDuggmXLJMFJj767wDt1vjJYn-KvVGbFqXoLMjKUK1mSDZMgcA
dress,https://l.facebook.com/l.php?u=https%3A%2F%2Ffbweb.moboreader.net%2F76390322-fb_contact-ena354_6-0517-core1.html%3Fadid%3D%257B%257Bad.id%257D%257D%26char%3D124213%26jump%3D1%26exdata%3D6AC1DF807446B4E8B7A79995202BCED7EF9D1E61D27E0075&h=AT0Xe-5enbUMmn8cKtWr_jOlX12H9gEltPWPOuc1qqFypn-3TUWtmppZ3tfCfBcJ5SCYQuRiH6DRlD4QtE11B9AZo8VsjPYcXcISuDuggmXLJMFJj767wDt1vjJYn-KvVGbFqXoLMjKUK1mSDZMgcA
dress,https://l.facebook.com/l.php?u=https%3A%2F%2Ffbweb.moboreader.net%2F77277322-fb_contact-en-a372_6-0529-core1.html%3Fadid%3D%257B%257Bad.id%257D%257D%26char%3D200518%26jump%3D1%26exdata%3D2540ECB994F4071761C4BC7EE2EE93CC3F78279D9D0932F1&h=AT0Xe-5enbUMmn8cKtWr_jOlX12H9gEltPWPOuc1qqFypn-3TUWtmppZ3tfCfBcJ5SCYQuRiH6DRlD4QtE11B9AZo8VsjPYcXcISuDuggmXLJMFJj767wDt1vjJYn-KvVGbFqXoLMjKUK1mSDZMgcA
dress,https://l.facebook.com/l.php?u=https%3A%2F%2Fhtgq3.com%2Fw2a%2FbooksAdvPageV2%2F%3Fbook_id%3D682a961c54e2eb6e8803e311%26chapterId%3Dvnu4d74vwi%26chapterIndex%3D1%26mediaType%3Dfb%26px%3D243%25253A328459361941%26push_type%3D2%26book_type%3D1%26campaign_id%3D%257B%257Bcampaign.id%257D%257D%26adset_id%3D%257B%257Badset.id%257D%257D%26ad_id%3D%257B%257Bad.id%257D%257D&h=AT0Xe-5enbUMmn8cKtWr_jOlX12H9gEltPWPOuc1qqFypn-3TUWtmppZ3tfCfBcJ5SCYQuRiH6DRlD4QtE11B9AZo8VsjPYcXcISuDuggmXLJMFJj767wDt1vjJYn-KvVGbFqXoLMjKUK1mSDZMgcA
dress,https://l.facebook.com/l.php?u=https%3A%2F%2Fmongatify.com%2Fproducts%2Fac-hell-charley-watch%3Fvariant%3D1000017959379459&h=AT0Xe-5enbUMmn8cKtWr_jOlX12H9gEltPWPOuc1qqFypn-3TUWtmppZ3tfCfBcJ5SCYQuRiH6DRlD4QtE11B9AZo8VsjPYcXcISuDuggmXLJMFJj767wDt1vjJYn-KvVGbFqXoLMjKUK1mSDZMgcA
dress,https://l.facebook.com/l.php?u=https%3A%2F%2Fmongatify.com%2Fproducts%2Fac-hell-charley-watch%3Fvariant%3D1000017959379460&h=AT0Xe-5enbUMmn8cKtWr_jOlX12H9gEltPWPOuc1qqFypn-3TUWtmppZ3tfCfBcJ5SCYQuRiH6DRlD4QtE11B9AZo8VsjPYcXcISuDuggmXLJMFJj767wDt1vjJYn-KvVGbFqXoLMjKUK1mSDZMgcA
dress,https://l.facebook.com/l.php?u=https%3A%2F%2Fmongatify.com%2Fproducts%2Fac-hell-charley-watch%3Fvariant%3D1000017959379462&h=AT0Xe-5enbUMmn8cKtWr_jOlX12H9gEltPWPOuc1qqFypn-3TUWtmppZ3tfCfBcJ5SCYQuRiH6DRlD4QtE11B9AZo8VsjPYcXcISuDuggmXLJMFJj767wDt1vjJYn-KvVGbFqXoLMjKUK1mSDZMgcA
dress,https://l.facebook.com/l.php?u=https%3A%2F%2Fmongatify.com%2Fproducts%2Fac-hell-charley-watch&h=AT0Xe-5enbUMmn8cKtWr_jOlX12H9gEltPWPOuc1qqFypn-3TUWtmppZ3tfCfBcJ5SCYQuRiH6DRlD4QtE11B9AZo8VsjPYcXcISuDuggmXLJMFJj767wDt1vjJYn-KvVGbFqXoLMjKUK1mSDZMgcA
dress,https://l.facebook.com/l.php?u=https%3A%2F%2Fpage.joyreadland.com%2Fh5-book-share-custom4.html%3Flang%3Den%26id%3D10075%26brand%3D2%26app%3D0%26ppid%3D6710%26pid%3DFBW2A%26utm_source%3DFBW2A%26utm_medium%3D%257B%257Bplacement%257D%257D%26utm_campaign%3D%257B%257Bcampaign.id%257D%257D%26utm_term%3D%257B%257Badset.id%257D%257D%26utm_content%3D%257B%257Bad.id%257D%257D%26adrt%3D1%26pixel_id%3D816574679413893%26ori_campaign_id%3D120224693945400426%26ori_adset_id%3D120224693945940426%26ori_ad_id%3D120224693946450426&h=AT0Xe-5enbUMmn8cKtWr_jOlX12H9gEltPWPOuc1qqFypn-3TUWtmppZ3tfCfBcJ5SCYQuRiH6DRlD4QtE11B9AZo8VsjPYcXcISuDuggmXLJMFJj767wDt1vjJYn-KvVGbFqXoLMjKUK1mSDZMgcA
dress,https://l.facebook.com/l.php?u=https%3A%2F%2Fpage.joyreadland.com%2Fh5-book-share-custom4.html%3Flang%3Den%26id%3D10464%26brand%3D2%26app%3D0%26ppid%3D7138%26pid%3DFBW2A%26utm_source%3DFBW2A%26utm_medium%3D%257B%257Bplacement%257D%257D%26utm_campaign%3D%257B%257Bcampaign.id%257D%257D%26utm_term%3D%257B%257Badset.id%257D%257D%26utm_content%3D%257B%257Bad.id%257D%257D%26adrt%3D1%26pixel_id%3D816574679413893%26ori_campaign_id%3D120225117400690177%26ori_adset_id%3D120225117401670177%26ori_ad_id%3D120225117404930177&h=AT0Xe-5enbUMmn8cKtWr_jOlX12H9gEltPWPOuc1qqFypn-3TUWtmppZ3tfCfBcJ5SCYQuRiH6DRlD4QtE11B9AZo8VsjPYcXcISuDuggmXLJMFJj767wDt1vjJYn-KvVGbFqXoLMjKUK1mSDZMgcA
dress,https://l.facebook.com/l.php?u=https%3A%2F%2Fpage.joyreadland.com%2Fh5-book-share-custom4.html%3Flang%3Den%26id%3D10464%26brand%3D2%26app%3D0%26ppid%3D7138%26pid%3DFBW2A%26utm_source%3DFBW2A%26utm_medium%3D%257B%257Bplacement%257D%257D%26utm_campaign%3D%257B%257Bcampaign.id%257D%257D%26utm_term%3D%257B%257Badset.id%257D%257D%26utm_content%3D%257B%257Bad.id%257D%257D%26adrt%3D1%26pixel_id%3D816574679413893%26ori_campaign_id%3D120225117400690177%26ori_adset_id%3D120225117401670177%26ori_ad_id%3D120225117416610177&h=AT0Xe-5enbUMmn8cKtWr_jOlX12H9gEltPWPOuc1qqFypn-3TUWtmppZ3tfCfBcJ5SCYQuRiH6DRlD4QtE11B9AZo8VsjPYcXcISuDuggmXLJMFJj767wDt1vjJYn-KvVGbFqXoLMjKUK1mSDZMgcA
dress,https://l.facebook.com/l.php?u=https%3A%2F%2Fpages.farsunpteltd.com%2F%3Fchannel_id%3D91189%26campaign_id%3D%257B%257Bcampaign.id%257D%257D%26adset_id%3D%257B%257Badset.id%257D%257D%26ad_id%3D%257B%257Bad.id%257D%257D%26campaign%3D%257B%257Bcampaign.name%257D%257D%26adgroup%3D%257B%257Badset.name%257D%257D%26ad_name%3D%257B%257Bad.name%257D&h=AT0Xe-5enbUMmn8cKtWr_jOlX12H9gEltPWPOuc1qqFypn-3TUWtmppZ3tfCfBcJ5SCYQuRiH6DRlD4QtE11B9AZo8VsjPYcXcISuDuggmXLJMFJj767wDt1vjJYn-KvVGbFqXoLMjKUK1mSDZMgcA
dress,https://l.facebook.com/l.php?u=https%3A%2F%2Fpages.farsunpteltd.com%2F%3Fchannel_id%3D91194%26campaign_id%3D%257B%257Bcampaign.id%257D%257D%26adset_id%3D%257B%257Badset.id%257D%257D%26ad_id%3D%257B%257Bad.id%257D%257D%26campaign%3D%257B%257Bcampaign.name%257D%257D%26adgroup%3D%257B%257Badset.name%257D%257D%26ad_name%3D%257B%257Bad.name%257D&h=AT0Xe-5enbUMmn8cKtWr_jOlX12H9gEltPWPOuc1qqFypn-3TUWtmppZ3tfCfBcJ5SCYQuRiH6DRlD4QtE11B9AZo8VsjPYcXcISuDuggmXLJMFJj767wDt1vjJYn-KvVGbFqXoLMjKUK1mSDZMgcA
dress,https://l.facebook.com/l.php?u=https%3A%2F%2Frang-bd.com%2Fproduct-category%2Feid-ul-adha%2F&h=AT0Xe-5enbUMmn8cKtWr_jOlX12H9gEltPWPOuc1qqFypn-3TUWtmppZ3tfCfBcJ5SCYQuRiH6DRlD4QtE11B9AZo8VsjPYcXcISuDuggmXLJMFJj767wDt1vjJYn-KvVGbFqXoLMjKUK1mSDZMgcA
dress,https://l.facebook.com/l.php?u=https%3A%2F%2Frang-bd.com%2Fstore-location-rang%2F&h=AT0Xe-5enbUMmn8cKtWr_jOlX12H9gEltPWPOuc1qqFypn-3TUWtmppZ3tfCfBcJ5SCYQuRiH6DRlD4QtE11B9AZo8VsjPYcXcISuDuggmXLJMFJj767wDt1vjJYn-KvVGbFqXoLMjKUK1mSDZMgcA
dress,https://l.facebook.com/l.php?u=https%3A%2F%2Frozchic.com%2Fproducts%2Fv-neck-wrapover-floral-print-short-sleeve-summer-dress%3Futm_campaign%3D%257B%257Bcampaign.name%257D%257D%26utm_content%3D%257B%257Bcampaign.name%257D%257D&h=AT0Xe-5enbUMmn8cKtWr_jOlX12H9gEltPWPOuc1qqFypn-3TUWtmppZ3tfCfBcJ5SCYQuRiH6DRlD4QtE11B9AZo8VsjPYcXcISuDuggmXLJMFJj767wDt1vjJYn-KvVGbFqXoLMjKUK1mSDZMgcA
dress,https://l.facebook.com/l.php?u=https%3A%2F%2Fsiorabd.com%2Fthree-piece-bd-price-73&h=AT0Xe-5enbUMmn8cKtWr_jOlX12H9gEltPWPOuc1qqFypn-3TUWtmppZ3tfCfBcJ5SCYQuRiH6DRlD4QtE11B9AZo8VsjPYcXcISuDuggmXLJMFJj767wDt1vjJYn-KvVGbFqXoLMjKUK1mSDZMgcA
dress,https://l.facebook.com/l.php?u=https%3A%2F%2Ft.site%2F42V1AKl&h=AT0Xe-5enbUMmn8cKtWr_jOlX12H9gEltPWPOuc1qqFypn-3TUWtmppZ3tfCfBcJ5SCYQuRiH6DRlD4QtE11B9AZo8VsjPYcXcISuDuggmXLJMFJj767wDt1vjJYn-KvVGbFqXoLMjKUK1mSDZMgcA
dress,https://l.facebook.com/l.php?u=https%3A%2F%2Ft.site%2F44wDtCY&h=AT0Xe-5enbUMmn8cKtWr_jOlX12H9gEltPWPOuc1qqFypn-3TUWtmppZ3tfCfBcJ5SCYQuRiH6DRlD4QtE11B9AZo8VsjPYcXcISuDuggmXLJMFJj767wDt1vjJYn-KvVGbFqXoLMjKUK1mSDZMgcA
dress,https://l.facebook.com/l.php?u=https%3A%2F%2Ft.site%2F4kus3nX&h=AT0Xe-5enbUMmn8cKtWr_jOlX12H9gEltPWPOuc1qqFypn-3TUWtmppZ3tfCfBcJ5SCYQuRiH6DRlD4QtE11B9AZo8VsjPYcXcISuDuggmXLJMFJj767wDt1vjJYn-KvVGbFqXoLMjKUK1mSDZMgcA
dress,https://l.facebook.com/l.php?u=https%3A%2F%2Fw2a.reelshort.com%2Fw2a%2FbooksAdvPageV2%2F%3Fbook_id%3D6746aa92c946defef504c9ff%26chapterId%3D5epijo1kve%26chapterIndex%3D1%26mediaType%3Dfb%26px%3D223%25253A891565%25253A18623%26push_type%3D2%26book_type%3D1%26campaign_id%3D%257B%257Bcampaign.id%257D%257D%26adset_id%3D%257B%257Badset.id%257D%257D%26ad_id%3D%257B%257Bad.id%257D%257D&h=AT0Xe-5enbUMmn8cKtWr_jOlX12H9gEltPWPOuc1qqFypn-3TUWtmppZ3tfCfBcJ5SCYQuRiH6DRlD4QtE11B9AZo8VsjPYcXcISuDuggmXLJMFJj767wDt1vjJYn-KvVGbFqXoLMjKUK1mSDZMgcA
dress,https://l.facebook.com/l.php?u=https%3A%2F%2Fw2a.reelshort.com%2Fw2a%2FbooksAdvPageV2%2F%3Fbook_id%3D6752885d3d9eb9334300b6ca%26chapterId%3D94nhq0qcxr%26chapterIndex%3D1%26mediaType%3Dfb%26px%3D25247865436%25253A1813%26push_type%3D2%26book_type%3D1%26campaign_id%3D%257B%257Bcampaign.id%257D%257D%26adset_id%3D%257B%257Badset.id%257D%257D%26ad_id%3D%257B%257Bad.id%257D%257D&h=AT0Xe-5enbUMmn8cKtWr_jOlX12H9gEltPWPOuc1qqFypn-3TUWtmppZ3tfCfBcJ5SCYQuRiH6DRlD4QtE11B9AZo8VsjPYcXcISuDuggmXLJMFJj767wDt1vjJYn-KvVGbFqXoLMjKUK1mSDZMgcA
dress,https://l.facebook.com/l.php?u=https%3A%2F%2Fw2a.reelshort.com%2Fw2a%2FbooksAdvPageV2%2F%3Fbook_id%3D6807566fd88a6d32a90a4b12%26chapterId%3Dfocojvibgb%26chapterIndex%3D1%26mediaType%3Dfb%26px%3D223%25253A891565%25253A18623%26push_type%3D2%26book_type%3D1%26campaign_id%3D%257B%257Bcampaign.id%257D%257D%26adset_id%3D%257B%257Badset.id%257D%257D%26ad_id%3D%257B%257Bad.id%257D%257D&h=AT0Xe-5enbUMmn8cKtWr_jOlX12H9gEltPWPOuc1qqFypn-3TUWtmppZ3tfCfBcJ5SCYQuRiH6DRlD4QtE11B9AZo8VsjPYcXcISuDuggmXLJMFJj767wDt1vjJYn-KvVGbFqXoLMjKUK1mSDZMgcA
dress,https://l.facebook.com/l.php?u=https%3A%2F%2Fwebsite.kalostv.com%2Fshare%2Fmiddle%2Fzj31hu14o3wrmvrsnu0z2qz5%3Fad_id%3D%257B%257Bad.id%257D%257D%26sid%3D120225950589120282%26campaign%3D%257B%257Bcampaign.name%257D%257D%26adgroup%3D%257B%257Badset.name%257D%257D&h=AT0Xe-5enbUMmn8cKtWr_jOlX12H9gEltPWPOuc1qqFypn-3TUWtmppZ3tfCfBcJ5SCYQuRiH6DRlD4QtE11B9AZo8VsjPYcXcISuDuggmXLJMFJj767wDt1vjJYn-KvVGbFqXoLMjKUK1mSDZMgcA
dress,https://l.facebook.com/l.php?u=https%3A%2F%2Fwebsite.kalostv.com%2Fshare%2Fmiddle%2Fzj31hu14o3wrmvrsnu0z2qz5%3Fad_id%3D%257B%257Bad.id%257D%257D%26sid%3D120225950702540282%26campaign%3D%257B%257Bcampaign.name%257D%257D%26adgroup%3D%257B%257Badset.name%257D%257D&h=AT0Xe-5enbUMmn8cKtWr_jOlX12H9gEltPWPOuc1qqFypn-3TUWtmppZ3tfCfBcJ5SCYQuRiH6DRlD4QtE11B9AZo8VsjPYcXcISuDuggmXLJMFJj767wDt1vjJYn-KvVGbFqXoLMjKUK1mSDZMgcA
dress,https://l.facebook.com/l.php?u=https%3A%2F%2Fwebsite.novelbars.com%2Fshare%2Fmiddle_new%2Fvpcwyrvwekuzhwidqktduuty%3Fcampaign_id%3D%257B%257Bcampaign.id%257D%257D%26adset_id%3D%257B%257Badset.id%257D%257D%26ad_id%3D%257B%257Bad.id%257D%257D%26campaign%3D%257B%257Bcampaign.name%257D%257D%26adgroup%3D%257B%257Badset.name%257D%257D&h=AT0Xe-5enbUMmn8cKtWr_jOlX12H9gEltPWPOuc1qqFypn-3TUWtmppZ3tfCfBcJ5SCYQuRiH6DRlD4QtE11B9AZo8VsjPYcXcISuDuggmXLJMFJj767wDt1vjJYn-KvVGbFqXoLMjKUK1mSDZMgcA
dress,https://l.facebook.com/l.php?u=https%3A%2F%2Fwebsite.novelbinger.com%2Fshare%2Fmiddle%2Fvbguodag2f4ubrz4vs1gntt2%3Fad_id%3D%257B%257Bad.id%257D%257D%26sid%3D120230267888030569%26campaign%3D%257B%257Bcampaign.name%257D%257D%26adgroup%3D%257B%257Badset.name%257D%257D&h=AT0Xe-5enbUMmn8cKtWr_jOlX12H9gEltPWPOuc1qqFypn-3TUWtmppZ3tfCfBcJ5SCYQuRiH6DRlD4QtE11B9AZo8VsjPYcXcISuDuggmXLJMFJj767wDt1vjJYn-KvVGbFqXoLMjKUK1mSDZMgcA
dress,https://l.facebook.com/l.php?u=https%3A%2F%2Fwww.brightmeteors.com%2Fproducts%2Fmini-dress-4&h=AT0Xe-5enbUMmn8cKtWr_jOlX12H9gEltPWPOuc1qqFypn-3TUWtmppZ3tfCfBcJ5SCYQuRiH6DRlD4QtE11B9AZo8VsjPYcXcISuDuggmXLJMFJj767wDt1vjJYn-KvVGbFqXoLMjKUK1mSDZMgcA
dress,https://l.facebook.com/l.php?u=https%3A%2F%2Fwww.earlorning.com%2Fproducts%2Fhollow-dress&h=AT0Xe-5enbUMmn8cKtWr_jOlX12H9gEltPWPOuc1qqFypn-3TUWtmppZ3tfCfBcJ5SCYQuRiH6DRlD4QtE11B9AZo8VsjPYcXcISuDuggmXLJMFJj767wDt1vjJYn-KvVGbFqXoLMjKUK1mSDZMgcA
dress,https://l.facebook.com/l.php?u=https%3A%2F%2Fwww.fronfustrte.com%2Fproducts%2Fwomen-s-fashion-wrap-v-neck-empire-waist-lantern-sleeve-dress&h=AT0Xe-5enbUMmn8cKtWr_jOlX12H9gEltPWPOuc1qqFypn-3TUWtmppZ3tfCfBcJ5SCYQuRiH6DRlD4QtE11B9AZo8VsjPYcXcISuDuggmXLJMFJj767wDt1vjJYn-KvVGbFqXoLMjKUK1mSDZMgcA
dress,https://l.facebook.com/l.php?u=https%3A%2F%2Fwww.instagram.com%2F_u%2Fdsp_homeappliances_official&h=AT0Xe-5enbUMmn8cKtWr_jOlX12H9gEltPWPOuc1qqFypn-3TUWtmppZ3tfCfBcJ5SCYQuRiH6DRlD4QtE11B9AZo8VsjPYcXcISuDuggmXLJMFJj767wDt1vjJYn-KvVGbFqXoLMjKUK1mSDZMgcA
dress,https://l.facebook.com/l.php?u=https%3A%2F%2Fwww.instagram.com%2F_u%2Fstyleonme_global&h=AT0Xe-5enbUMmn8cKtWr_jOlX12H9gEltPWPOuc1qqFypn-3TUWtmppZ3tfCfBcJ5SCYQuRiH6DRlD4QtE11B9AZo8VsjPYcXcISuDuggmXLJMFJj767wDt1vjJYn-KvVGbFqXoLMjKUK1mSDZMgcA
dress,https://l.facebook.com/l.php?u=https%3A%2F%2Fwww.kwmobi.com%2Fshare%2Fmiddle%2F3o2npxqwez0yy3iu1ehr1lnb%3Fad_id%3D%257B%257Bad.id%257D%257D%26sid%3D120226717454890180%26campaign%3D%257B%257Bcampaign.name%257D%257D%26adgroup%3D%257B%257Badset.name%257D%257D&h=AT0Xe-5enbUMmn8cKtWr_jOlX12H9gEltPWPOuc1qqFypn-3TUWtmppZ3tfCfBcJ5SCYQuRiH6DRlD4QtE11B9AZo8VsjPYcXcISuDuggmXLJMFJj767wDt1vjJYn-KvVGbFqXoLMjKUK1mSDZMgcA
dress,https://l.facebook.com/l.php?u=https%3A%2F%2Fwww.minishortstv.com%2Fshare%2Fmiddle%2F4nigofcbxp5uogyqephfkmki%3Fcampaign_id%3D%257B%257Bcampaign.id%257D%257D%26adset_id%3D%257B%257Badset.id%257D%257D%26ad_id%3D%257B%257Bad.id%257D%257D%26campaign%3D%257B%257Bcampaign.name%257D%257D%26adgroup%3D%257B%257Badset.name%257D%257D&h=AT0Xe-5enbUMmn8cKtWr_jOlX12H9gEltPWPOuc1qqFypn-3TUWtmppZ3tfCfBcJ5SCYQuRiH6DRlD4QtE11B9AZo8VsjPYcXcISuDuggmXLJMFJj767wDt1vjJYn-KvVGbFqXoLMjKUK1mSDZMgcA
dress,https://l.facebook.com/l.php?u=https%3A%2F%2Fwww.siorabd.com%2F&h=AT0Xe-5enbUMmn8cKtWr_jOlX12H9gEltPWPOuc1qqFypn-3TUWtmppZ3tfCfBcJ5SCYQuRiH6DRlD4QtE11B9AZo8VsjPYcXcISuDuggmXLJMFJj767wDt1vjJYn-KvVGbFqXoLMjKUK1mSDZMgcA
dress,https://l.facebook.com/l.php?u=https%3A%2F%2Fwww.zealangel.com%2Fproducts%2Fstress-relief-toys-dress-up-duck-4&h=AT0Xe-5enbUMmn8cKtWr_jOlX12H9gEltPWPOuc1qqFypn-3TUWtmppZ3tfCfBcJ5SCYQuRiH6DRlD4QtE11B9AZo8VsjPYcXcISuDuggmXLJMFJj767wDt1vjJYn-KvVGbFqXoLMjKUK1mSDZMgcA
dress,https://www.facebook.com/100063484029804
dress,https://www.facebook.com/100070277853074
dress,https://www.facebook.com/100080465708206
dress,https://www.facebook.com/100085037466263
dress,https://www.facebook.com/100085093391721
dress,https://www.facebook.com/100085523883301
dress,https://www.facebook.com/100086564387627
dress,https://www.facebook.com/100090841033078
dress,https://www.facebook.com/100095257432524
dress,https://www.facebook.com/61550357834620
dress,https://www.facebook.com/61553988203247
dress,https://www.facebook.com/61554182005238
dress,https://www.facebook.com/61554338662625
dress,https://www.facebook.com/61554571242485
dress,https://www.facebook.com/61554575701258
dress,https://www.facebook.com/61555431159628
dress,https://www.facebook.com/61555436279823
dress,https://www.facebook.com/61556759801462
dress,https://www.facebook.com/61558393348504
dress,https://www.facebook.com/61558836733454
dress,https://www.facebook.com/61560155124261
dress,https://www.facebook.com/61562339311860
dress,https://www.facebook.com/61563235028447
dress,https://www.facebook.com/61563402505885
dress,https://www.facebook.com/61566894822455
dress,https://www.facebook.com/61569717395718
dress,https://www.facebook.com/61570056564583
dress,https://www.facebook.com/61573613769430
dress,https://www.facebook.com/61573741104559
dress,https://www.facebook.com/61575600245583
dress,https://www.facebook.com/61575790120849
dress,https://www.facebook.com/61575858955436
dress,https://www.facebook.com/61575999847524
dress,https://www.facebook.com/61576343925355
dress,https://www.facebook.com/61576556731964
dress,https://www.facebook.com/AbsoluteCreationsBangladesh
dress,https://www.facebook.com/Alwaysconnectbd
dress,https://www.facebook.com/DSPHomeAppliances
dress,https://www.facebook.com/Pakistanidresslawn
dress,https://www.facebook.com/Pathanfabrics707
dress,https://www.facebook.com/Shafinfashion.fb
dress,https://www.facebook.com/SioraBD
dress,https://www.facebook.com/StyleonmeEn
dress,https://www.facebook.com/Trendsbymarium
dress,https://www.facebook.com/asiajewels2022
dress,https://www.facebook.com/attitude.bd2015
dress,https://www.facebook.com/dressmeinstyle.A
dress,https://www.facebook.com/nishadfashionbd
dress,https://www.facebook.com/pigmiclothltd
dress,https://www.facebook.com/rangbangladesh
dress,https://www.facebook.com/share
dress,https://www.facebook.com/zabeerayatwardrobe
plastic,https://facebook.com/drhedayetalikhan
plastic,https://l.facebook.com/l.php?u=http%3A%2F%2Ffb.me%2F&h=AT3vcCkMpIA3GV8D5MIxdKKyd7igzCMk9aqxPNJjUMFu63qEUfcXHpG6CaV_m2jZZQNULykCoH_8gA7xytwcmnHUJqVejnrnMAsEYUaE_o4Mb23zp7l37Ks_X8xDdyRW83K6a1QTAaIZH1ogYAKvfw
plastic,https://l.facebook.com/l.php?u=http%3A%2F%2Fgetaliveblue.com%2Farticle%2Fen-02%2F&h=AT3vcCkMpIA3GV8D5MIxdKKyd7igzCMk9aqxPNJjUMFu63qEUfcXHpG6CaV_m2jZZQNULykCoH_8gA7xytwcmnHUJqVejnrnMAsEYUaE_o4Mb23zp7l37Ks_X8xDdyRW83K6a1QTAaIZH1ogYAKvfw
plastic,https://l.facebook.com/l.php?u=http%3A%2F%2Finstagram.com%2Fankkitbahadurofficial&h=AT3vcCkMpIA3GV8D5MIxdKKyd7igzCMk9aqxPNJjUMFu63qEUfcXHpG6CaV_m2jZZQNULykCoH_8gA7xytwcmnHUJqVejnrnMAsEYUaE_o4Mb23zp7l37Ks_X8xDdyRW83K6a1QTAaIZH1ogYAKvfw
plastic,https://l.facebook.com/l.php?u=http%3A%2F%2Fplay.google.com%2Fstore%2Fapps%2Fdetails%3Fid%3Dcom.setinbox.g&h=AT3vcCkMpIA3GV8D5MIxdKKyd7igzCMk9aqxPNJjUMFu63qEUfcXHpG6CaV_m2jZZQNULykCoH_8gA7xytwcmnHUJqVejnrnMAsEYUaE_o4Mb23zp7l37Ks_X8xDdyRW83K6a1QTAaIZH1ogYAKvfw
plastic,https://l.facebook.com/l.php?u=http%3A%2F%2Fwww.horizonfurniture.com.bd%2F&h=AT3vcCkMpIA3GV8D5MIxdKKyd7igzCMk9aqxPNJjUMFu63qEUfcXHpG6CaV_m2jZZQNULykCoH_8gA7xytwcmnHUJqVejnrnMAsEYUaE_o4Mb23zp7l37Ks_X8xDdyRW83K6a1QTAaIZH1ogYAKvfw
plastic,https://l.facebook.com/l.php?u=http%3A%2F%2Fwww.interestcen.com%2Fproducts%2Fplastic-wind-up-wiggle-fish-toys-3&h=AT3vcCkMpIA3GV8D5MIxdKKyd7igzCMk9aqxPNJjUMFu63qEUfcXHpG6CaV_m2jZZQNULykCoH_8gA7xytwcmnHUJqVejnrnMAsEYUaE_o4Mb23zp7l37Ks_X8xDdyRW83K6a1QTAaIZH1ogYAKvfw
plastic,https://l.facebook.com/l.php?u=http%3A%2F%2Fwww.jesusevangelisticministries.org%2F&h=AT3vcCkMpIA3GV8D5MIxdKKyd7igzCMk9aqxPNJjUMFu63qEUfcXHpG6CaV_m2jZZQNULykCoH_8gA7xytwcmnHUJqVejnrnMAsEYUaE_o4Mb23zp7l37Ks_X8xDdyRW83K6a1QTAaIZH1ogYAKvfw
plastic,https://l.facebook.com/l.php?u=http%3A%2F%2Fwww.pinterest.com%2FJEM_WIN&h=AT3vcCkMpIA3GV8D5MIxdKKyd7igzCMk9aqxPNJjUMFu63qEUfcXHpG6CaV_m2jZZQNULykCoH_8gA7xytwcmnHUJqVejnrnMAsEYUaE_o4Mb23zp7l37Ks_X8xDdyRW83K6a1QTAaIZH1ogYAKvfw
plastic,https://l.facebook.com/l.php?u=http%3A%2F%2Fwww.ribbonandbeyond.com%2F&h=AT3vcCkMpIA3GV8D5MIxdKKyd7igzCMk9aqxPNJjUMFu63qEUfcXHpG6CaV_m2jZZQNULykCoH_8gA7xytwcmnHUJqVejnrnMAsEYUaE_o4Mb23zp7l37Ks_X8xDdyRW83K6a1QTAaIZH1ogYAKvfw
plastic,https://l.facebook.com/l.php?u=https%3A%2F%2Farshopi.com%2Fproduct%2Fplastic-coating-rayhong-auto-multi-purpose-plastic-restorer-for-car-and-bike%2F&h=AT3vcCkMpIA3GV8D5MIxdKKyd7igzCMk9aqxPNJjUMFu63qEUfcXHpG6CaV_m2jZZQNULykCoH_8gA7xytwcmnHUJqVejnrnMAsEYUaE_o4Mb23zp7l37Ks_X8xDdyRW83K6a1QTAaIZH1ogYAKvfw
plastic,https://l.facebook.com/l.php?u=https%3A%2F%2Fchildsgoods.com%2Fstep%2Fhungry-baby-starter-pack-checkcout%2F&h=AT3vcCkMpIA3GV8D5MIxdKKyd7igzCMk9aqxPNJjUMFu63qEUfcXHpG6CaV_m2jZZQNULykCoH_8gA7xytwcmnHUJqVejnrnMAsEYUaE_o4Mb23zp7l37Ks_X8xDdyRW83K6a1QTAaIZH1ogYAKvfw
plastic,https://l.facebook.com/l.php?u=https%3A%2F%2Fdevour.xin%2Fproducts%2Ftwo-in-one-shark-shorts-%25F0%259F%259A%259Afree-shipping&h=AT3vcCkMpIA3GV8D5MIxdKKyd7igzCMk9aqxPNJjUMFu63qEUfcXHpG6CaV_m2jZZQNULykCoH_8gA7xytwcmnHUJqVejnrnMAsEYUaE_o4Mb23zp7l37Ks_X8xDdyRW83K6a1QTAaIZH1ogYAKvfw
plastic,https://l.facebook.com/l.php?u=https%3A%2F%2Feternalwatchbd.bdsite.net%2F&h=AT3vcCkMpIA3GV8D5MIxdKKyd7igzCMk9aqxPNJjUMFu63qEUfcXHpG6CaV_m2jZZQNULykCoH_8gA7xytwcmnHUJqVejnrnMAsEYUaE_o4Mb23zp7l37Ks_X8xDdyRW83K6a1QTAaIZH1ogYAKvfw
plastic,https://l.facebook.com/l.php?u=https%3A%2F%2Feverpurelife.shop%2Fstep%2Fplastic-restorer-checkout%2F&h=AT3vcCkMpIA3GV8D5MIxdKKyd7igzCMk9aqxPNJjUMFu63qEUfcXHpG6CaV_m2jZZQNULykCoH_8gA7xytwcmnHUJqVejnrnMAsEYUaE_o4Mb23zp7l37Ks_X8xDdyRW83K6a1QTAaIZH1ogYAKvfw
plastic,https://l.facebook.com/l.php?u=https%3A%2F%2Ffb.stardust-tv.com%2Fapp%2F41899.html%3Fp1%3D%257B%257Bcampaign.name%257D%257D%26p2%3D%257B%257Bcampaign.id%257D%257D%26p3%3D%257B%257Badset.name%257D%257D%26p4%3D%257B%257Badset.id%257D%257D%26p5%3D%257B%257Bad.name%257D%257D%26p6%3D%257B%257Bad.id%257D%257D%26p7%3D%257B%257Bsite_source_name%257D%257D%26deep_link_value%3Dshanhai%253A%252F%252Fpush%253Ftype%253D1%2526playletId%253D8826%2526fragmentId%253D567146%26af_label%3Dfacebook_HLH_59959%252C9b2a9b446ba3430b16ca9734e33f6698%26channel%3Dmetaweb_int%26af_force_deeplink%3Dtrue&h=AT3vcCkMpIA3GV8D5MIxdKKyd7igzCMk9aqxPNJjUMFu63qEUfcXHpG6CaV_m2jZZQNULykCoH_8gA7xytwcmnHUJqVejnrnMAsEYUaE_o4Mb23zp7l37Ks_X8xDdyRW83K6a1QTAaIZH1ogYAKvfw
plastic,https://l.facebook.com/l.php?u=https%3A%2F%2Ffb.stardust-tv.com%2Fapp%2F41956.html%3Fp1%3D%257B%257Bcampaign.name%257D%257D%26p2%3D%257B%257Bcampaign.id%257D%257D%26p3%3D%257B%257Badset.name%257D%257D%26p4%3D%257B%257Badset.id%257D%257D%26p5%3D%257B%257Bad.name%257D%257D%26p6%3D%257B%257Bad.id%257D%257D%26p7%3D%257B%257Bsite_source_name%257D%257D%26deep_link_value%3Dshanhai%253A%252F%252Fpush%253Ftype%253D1%2526playletId%253D8826%2526fragmentId%253D0%26af_label%3Dfacebook_kyson_98625%252C30d6d266d24f2ba40d6fc45afe822f6e%26channel%3Dmetaweb_int%26af_force_deeplink%3Dtrue&h=AT3vcCkMpIA3GV8D5MIxdKKyd7igzCMk9aqxPNJjUMFu63qEUfcXHpG6CaV_m2jZZQNULykCoH_8gA7xytwcmnHUJqVejnrnMAsEYUaE_o4Mb23zp7l37Ks_X8xDdyRW83K6a1QTAaIZH1ogYAKvfw
plastic,https://l.facebook.com/l.php?u=https%3A%2F%2Ffb.stardust-tv.com%2Fapp%2F42028.html%3Fp1%3D%257B%257Bcampaign.name%257D%257D%26p2%3D%257B%257Bcampaign.id%257D%257D%26p3%3D%257B%257Badset.name%257D%257D%26p4%3D%257B%257Badset.id%257D%257D%26p5%3D%257B%257Bad.name%257D%257D%26p6%3D%257B%257Bad.id%257D%257D%26p7%3D%257B%257Bsite_source_name%257D%257D%26deep_link_value%3Dshanhai%253A%252F%252Fpush%253Ftype%253D1%2526playletId%253D8826%2526fragmentId%253D0%26af_label%3Dfacebook_GY_36425%252C4242c7f4d3e1aa1e90e53bdd3b6267f8%26channel%3Dmetaweb_int%26af_force_deeplink%3Dtrue&h=AT3vcCkMpIA3GV8D5MIxdKKyd7igzCMk9aqxPNJjUMFu63qEUfcXHpG6CaV_m2jZZQNULykCoH_8gA7xytwcmnHUJqVejnrnMAsEYUaE_o4Mb23zp7l37Ks_X8xDdyRW83K6a1QTAaIZH1ogYAKvfw
plastic,https://l.facebook.com/l.php?u=https%3A%2F%2Ffuturemartbd.com%2Fstep%2Fplastic-restorer%2F&h=AT3vcCkMpIA3GV8D5MIxdKKyd7igzCMk9aqxPNJjUMFu63qEUfcXHpG6CaV_m2jZZQNULykCoH_8gA7xytwcmnHUJqVejnrnMAsEYUaE_o4Mb23zp7l37Ks_X8xDdyRW83K6a1QTAaIZH1ogYAKvfw
plastic,https://l.facebook.com/l.php?u=https%3A%2F%2Fgadgetandgear.com%2Fproduct%2Ftucano-Idea-bundle-slim-bag&h=AT3vcCkMpIA3GV8D5MIxdKKyd7igzCMk9aqxPNJjUMFu63qEUfcXHpG6CaV_m2jZZQNULykCoH_8gA7xytwcmnHUJqVejnrnMAsEYUaE_o4Mb23zp7l37Ks_X8xDdyRW83K6a1QTAaIZH1ogYAKvfw
plastic,https://l.facebook.com/l.php?u=https%3A%2F%2Fgadgetandgear.com%2Fproduct%2Ftucano-compatto-eco-backpack&h=AT3vcCkMpIA3GV8D5MIxdKKyd7igzCMk9aqxPNJjUMFu63qEUfcXHpG6CaV_m2jZZQNULykCoH_8gA7xytwcmnHUJqVejnrnMAsEYUaE_o4Mb23zp7l37Ks_X8xDdyRW83K6a1QTAaIZH1ogYAKvfw
plastic,https://l.facebook.com/l.php?u=https%3A%2F%2Fgadgetandgear.com%2Fproduct%2Ftucano-darkolor-slim-bag&h=AT3vcCkMpIA3GV8D5MIxdKKyd7igzCMk9aqxPNJjUMFu63qEUfcXHpG6CaV_m2jZZQNULykCoH_8gA7xytwcmnHUJqVejnrnMAsEYUaE_o4Mb23zp7l37Ks_X8xDdyRW83K6a1QTAaIZH1ogYAKvfw
plastic,https://l.facebook.com/l.php?u=https%3A%2F%2Fgadgetandgear.com%2Fproduct%2Ftucano-global-backpack-16-inch&h=AT3vcCkMpIA3GV8D5MIxdKKyd7igzCMk9aqxPNJjUMFu63qEUfcXHpG6CaV_m2jZZQNULykCoH_8gA7xytwcmnHUJqVejnrnMAsEYUaE_o4Mb23zp7l37Ks_X8xDdyRW83K6a1QTAaIZH1ogYAKvfw
plastic,https://l.facebook.com/l.php?u=https%3A%2F%2Fgadgetandgear.com%2Fproduct%2Ftucano-lunar-backpack&h=AT3vcCkMpIA3GV8D5MIxdKKyd7igzCMk9aqxPNJjUMFu63qEUfcXHpG6CaV_m2jZZQNULykCoH_8gA7xytwcmnHUJqVejnrnMAsEYUaE_o4Mb23zp7l37Ks_X8xDdyRW83K6a1QTAaIZH1ogYAKvfw
plastic,https://l.facebook.com/l.php?u=https%3A%2F%2Fgadgetandgear.com%2Fproduct%2Ftucano-martem-backpack-for-macbook-pro-16inch-laptop-15-6inch&h=AT3vcCkMpIA3GV8D5MIxdKKyd7igzCMk9aqxPNJjUMFu63qEUfcXHpG6CaV_m2jZZQNULykCoH_8gA7xytwcmnHUJqVejnrnMAsEYUaE_o4Mb23zp7l37Ks_X8xDdyRW83K6a1QTAaIZH1ogYAKvfw
plastic,https://l.facebook.com/l.php?u=https%3A%2F%2Fgadgetandgear.com%2Fproduct%2Ftucano-rollo-backpack&h=AT3vcCkMpIA3GV8D5MIxdKKyd7igzCMk9aqxPNJjUMFu63qEUfcXHpG6CaV_m2jZZQNULykCoH_8gA7xytwcmnHUJqVejnrnMAsEYUaE_o4Mb23zp7l37Ks_X8xDdyRW83K6a1QTAaIZH1ogYAKvfw
plastic,https://l.facebook.com/l.php?u=https%3A%2F%2Fgadgetandgear.com%2Fproduct%2Ftucano-smilza-super-slim-bag&h=AT3vcCkMpIA3GV8D5MIxdKKyd7igzCMk9aqxPNJjUMFu63qEUfcXHpG6CaV_m2jZZQNULykCoH_8gA7xytwcmnHUJqVejnrnMAsEYUaE_o4Mb23zp7l37Ks_X8xDdyRW83K6a1QTAaIZH1ogYAKvfw
plastic,https://l.facebook.com/l.php?u=https%3A%2F%2Fgadgetandgear.com%2Fproduct%2Ftucano-tugo-3-m-cabin-luggage-backpack&h=AT3vcCkMpIA3GV8D5MIxdKKyd7igzCMk9aqxPNJjUMFu63qEUfcXHpG6CaV_m2jZZQNULykCoH_8gA7xytwcmnHUJqVejnrnMAsEYUaE_o4Mb23zp7l37Ks_X8xDdyRW83K6a1QTAaIZH1ogYAKvfw
plastic,https://l.facebook.com/l.php?u=https%3A%2F%2Fgadgetandgear.com%2Fproduct%2Ftucano-work-out-4-bag-for-laptop-13-macbook-pro14&h=AT3vcCkMpIA3GV8D5MIxdKKyd7igzCMk9aqxPNJjUMFu63qEUfcXHpG6CaV_m2jZZQNULykCoH_8gA7xytwcmnHUJqVejnrnMAsEYUaE_o4Mb23zp7l37Ks_X8xDdyRW83K6a1QTAaIZH1ogYAKvfw
plastic,https://l.facebook.com/l.php?u=https%3A%2F%2Fgeneralls.com%2Fproduct%2Fkassir-facelift-master-course%2F&h=AT3vcCkMpIA3GV8D5MIxdKKyd7igzCMk9aqxPNJjUMFu63qEUfcXHpG6CaV_m2jZZQNULykCoH_8gA7xytwcmnHUJqVejnrnMAsEYUaE_o4Mb23zp7l37Ks_X8xDdyRW83K6a1QTAaIZH1ogYAKvfw
plastic,https://l.facebook.com/l.php?u=https%3A%2F%2Fgetaliveblue.com%2F&h=AT3vcCkMpIA3GV8D5MIxdKKyd7igzCMk9aqxPNJjUMFu63qEUfcXHpG6CaV_m2jZZQNULykCoH_8gA7xytwcmnHUJqVejnrnMAsEYUaE_o4Mb23zp7l37Ks_X8xDdyRW83K6a1QTAaIZH1ogYAKvfw
plastic,https://l.facebook.com/l.php?u=https%3A%2F%2Fimportshopbd.com%2F&h=AT3vcCkMpIA3GV8D5MIxdKKyd7igzCMk9aqxPNJjUMFu63qEUfcXHpG6CaV_m2jZZQNULykCoH_8gA7xytwcmnHUJqVejnrnMAsEYUaE_o4Mb23zp7l37Ks_X8xDdyRW83K6a1QTAaIZH1ogYAKvfw
plastic,https://l.facebook.com/l.php?u=https%3A%2F%2Fkinbodot.com%2Fstore%2Fkinbodotcom%2Fproduct%2Fplastic-coating-rayhong-auto-multi-purpose-plastic-restorer-for-car-bike&h=AT3vcCkMpIA3GV8D5MIxdKKyd7igzCMk9aqxPNJjUMFu63qEUfcXHpG6CaV_m2jZZQNULykCoH_8gA7xytwcmnHUJqVejnrnMAsEYUaE_o4Mb23zp7l37Ks_X8xDdyRW83K6a1QTAaIZH1ogYAKvfw
plastic,https://l.facebook.com/l.php?u=https%3A%2F%2Fmnebd.com%2Fproducts%2F472561&h=AT3vcCkMpIA3GV8D5MIxdKKyd7igzCMk9aqxPNJjUMFu63qEUfcXHpG6CaV_m2jZZQNULykCoH_8gA7xytwcmnHUJqVejnrnMAsEYUaE_o4Mb23zp7l37Ks_X8xDdyRW83K6a1QTAaIZH1ogYAKvfw
plastic,https://l.facebook.com/l.php?u=https%3A%2F%2Fmymagicsoap.com%2F&h=AT3vcCkMpIA3GV8D5MIxdKKyd7igzCMk9aqxPNJjUMFu63qEUfcXHpG6CaV_m2jZZQNULykCoH_8gA7xytwcmnHUJqVejnrnMAsEYUaE_o4Mb23zp7l37Ks_X8xDdyRW83K6a1QTAaIZH1ogYAKvfw
plastic,https://l.facebook.com/l.php?u=https%3A%2F%2Fnovelmates.readlife.mobi%2F1doba8da100.html%3Fvip%3D1&h=AT3vcCkMpIA3GV8D5MIxdKKyd7igzCMk9aqxPNJjUMFu63qEUfcXHpG6CaV_m2jZZQNULykCoH_8gA7xytwcmnHUJqVejnrnMAsEYUaE_o4Mb23zp7l37Ks_X8xDdyRW83K6a1QTAaIZH1ogYAKvfw
plastic,https://l.facebook.com/l.php?u=https%3A%2F%2Fscentwheels.com%2F&h=AT3vcCkMpIA3GV8D5MIxdKKyd7igzCMk9aqxPNJjUMFu63qEUfcXHpG6CaV_m2jZZQNULykCoH_8gA7xytwcmnHUJqVejnrnMAsEYUaE_o4Mb23zp7l37Ks_X8xDdyRW83K6a1QTAaIZH1ogYAKvfw
plastic,https://l.facebook.com/l.php?u=https%3A%2F%2Ft.site%2F4kdfVI7&h=AT3vcCkMpIA3GV8D5MIxdKKyd7igzCMk9aqxPNJjUMFu63qEUfcXHpG6CaV_m2jZZQNULykCoH_8gA7xytwcmnHUJqVejnrnMAsEYUaE_o4Mb23zp7l37Ks_X8xDdyRW83K6a1QTAaIZH1ogYAKvfw
plastic,https://l.facebook.com/l.php?u=https%3A%2F%2Fthepatchee.com%2Fproducts%2Finsulated-lunch-tote-bag%3Fvariant%3D51297435418898&h=AT3vcCkMpIA3GV8D5MIxdKKyd7igzCMk9aqxPNJjUMFu63qEUfcXHpG6CaV_m2jZZQNULykCoH_8gA7xytwcmnHUJqVejnrnMAsEYUaE_o4Mb23zp7l37Ks_X8xDdyRW83K6a1QTAaIZH1ogYAKvfw
plastic,https://l.facebook.com/l.php?u=https%3A%2F%2Ftithe.ly%2Fgive_new%2Fwww%2F%23%2Ftithely%2Fgive-one-time%2F6821562&h=AT3vcCkMpIA3GV8D5MIxdKKyd7igzCMk9aqxPNJjUMFu63qEUfcXHpG6CaV_m2jZZQNULykCoH_8gA7xytwcmnHUJqVejnrnMAsEYUaE_o4Mb23zp7l37Ks_X8xDdyRW83K6a1QTAaIZH1ogYAKvfw
plastic,https://l.facebook.com/l.php?u=https%3A%2F%2Ftwitter.com%2FJEM_WIN&h=AT3vcCkMpIA3GV8D5MIxdKKyd7igzCMk9aqxPNJjUMFu63qEUfcXHpG6CaV_m2jZZQNULykCoH_8gA7xytwcmnHUJqVejnrnMAsEYUaE_o4Mb23zp7l37Ks_X8xDdyRW83K6a1QTAaIZH1ogYAKvfw
plastic,https://l.facebook.com/l.php?u=https%3A%2F%2Fw2a.reelshort.com%2Fw2a%2FbooksAdvPageV2%2F%3Fbook_id%3D680755e1c7ae148edd0ee59e%26chapterId%3Dxxgxl9houf%26chapterIndex%3D1%26mediaType%3Dfb%26px%3D223%25253A891565%25253A18623%26push_type%3D2%26book_type%3D1%26campaign_id%3D%257B%257Bcampaign.id%257D%257D%26adset_id%3D%257B%257Badset.id%257D%257D%26ad_id%3D%257B%257Bad.id%257D%257D&h=AT3vcCkMpIA3GV8D5MIxdKKyd7igzCMk9aqxPNJjUMFu63qEUfcXHpG6CaV_m2jZZQNULykCoH_8gA7xytwcmnHUJqVejnrnMAsEYUaE_o4Mb23zp7l37Ks_X8xDdyRW83K6a1QTAaIZH1ogYAKvfw
plastic,https://l.facebook.com/l.php?u=https%3A%2F%2Fwhatsapp.com%2Fchannel%2F0029Vaf6PctK0IBmGvUito3b&h=AT3vcCkMpIA3GV8D5MIxdKKyd7igzCMk9aqxPNJjUMFu63qEUfcXHpG6CaV_m2jZZQNULykCoH_8gA7xytwcmnHUJqVejnrnMAsEYUaE_o4Mb23zp7l37Ks_X8xDdyRW83K6a1QTAaIZH1ogYAKvfw
plastic,https://l.facebook.com/l.php?u=https%3A%2F%2Fwildflares.com%2Fteleport%2F%3FdspName%3Dfacebook%26dspCampaignId%3D%257B%257Bcampaign.id%257D%257D%26dspCampaignName%3D%257B%257Bcampaign.name%257D%257D%26dspAdAccountId%3D1587805945183310%26platformVertical%3Dinjekt%2520printers%2520ww%2520predicto%26dspAdTitle%3Dinkjet%2520printer%26platformFeedCampaignId%3D29NytW5FpAoaCaOwpINN%26dspConversionEventName%3DPurchase&h=AT3vcCkMpIA3GV8D5MIxdKKyd7igzCMk9aqxPNJjUMFu63qEUfcXHpG6CaV_m2jZZQNULykCoH_8gA7xytwcmnHUJqVejnrnMAsEYUaE_o4Mb23zp7l37Ks_X8xDdyRW83K6a1QTAaIZH1ogYAKvfw
plastic,https://l.facebook.com/l.php?u=https%3A%2F%2Fwww.ayaats.com.bd%2Fproduct%2Fportable-electric-grinder%2F&h=AT3vcCkMpIA3GV8D5MIxdKKyd7igzCMk9aqxPNJjUMFu63qEUfcXHpG6CaV_m2jZZQNULykCoH_8gA7xytwcmnHUJqVejnrnMAsEYUaE_o4Mb23zp7l37Ks_X8xDdyRW83K6a1QTAaIZH1ogYAKvfw
plastic,https://l.facebook.com/l.php?u=https%3A%2F%2Fwww.botanicalluxuriate.com%2Fproducts%2Ftea-tree-shampoo-for-lice-and-nits&h=AT3vcCkMpIA3GV8D5MIxdKKyd7igzCMk9aqxPNJjUMFu63qEUfcXHpG6CaV_m2jZZQNULykCoH_8gA7xytwcmnHUJqVejnrnMAsEYUaE_o4Mb23zp7l37Ks_X8xDdyRW83K6a1QTAaIZH1ogYAKvfw
plastic,https://l.facebook.com/l.php?u=https%3A%2F%2Fwww.conclusionk.com%2Fproducts%2F2025-new-screw-top-lemon-squeezer-2&h=AT3vcCkMpIA3GV8D5MIxdKKyd7igzCMk9aqxPNJjUMFu63qEUfcXHpG6CaV_m2jZZQNULykCoH_8gA7xytwcmnHUJqVejnrnMAsEYUaE_o4Mb23zp7l37Ks_X8xDdyRW83K6a1QTAaIZH1ogYAKvfw
plastic,https://l.facebook.com/l.php?u=https%3A%2F%2Fwww.dominicbray.com%2Fcontact%2F&h=AT3vcCkMpIA3GV8D5MIxdKKyd7igzCMk9aqxPNJjUMFu63qEUfcXHpG6CaV_m2jZZQNULykCoH_8gA7xytwcmnHUJqVejnrnMAsEYUaE_o4Mb23zp7l37Ks_X8xDdyRW83K6a1QTAaIZH1ogYAKvfw
plastic,https://l.facebook.com/l.php?u=https%3A%2F%2Fwww.independenct.com%2Fproducts%2Fliapu-powerful-pipe-dredging-agent-for-kitchen-and-toilet-pipelines---dissolves-200-blockages-and-kills-99-of-bacteria&h=AT3vcCkMpIA3GV8D5MIxdKKyd7igzCMk9aqxPNJjUMFu63qEUfcXHpG6CaV_m2jZZQNULykCoH_8gA7xytwcmnHUJqVejnrnMAsEYUaE_o4Mb23zp7l37Ks_X8xDdyRW83K6a1QTAaIZH1ogYAKvfw
plastic,https://l.facebook.com/l.php?u=https%3A%2F%2Fwww.instagram.com%2F&h=AT3vcCkMpIA3GV8D5MIxdKKyd7igzCMk9aqxPNJjUMFu63qEUfcXHpG6CaV_m2jZZQNULykCoH_8gA7xytwcmnHUJqVejnrnMAsEYUaE_o4Mb23zp7l37Ks_X8xDdyRW83K6a1QTAaIZH1ogYAKvfw
plastic,https://l.facebook.com/l.php?u=https%3A%2F%2Fwww.instagram.com%2Fjemwinc%2F&h=AT3vcCkMpIA3GV8D5MIxdKKyd7igzCMk9aqxPNJjUMFu63qEUfcXHpG6CaV_m2jZZQNULykCoH_8gA7xytwcmnHUJqVejnrnMAsEYUaE_o4Mb23zp7l37Ks_X8xDdyRW83K6a1QTAaIZH1ogYAKvfw
plastic,https://l.facebook.com/l.php?u=https%3A%2F%2Fwww.leister.com%2Fen%2FStories%2Fsuccess%2F2025%2F04%2FSuccessful-for-decades-Leister-and-Plastral&h=AT3vcCkMpIA3GV8D5MIxdKKyd7igzCMk9aqxPNJjUMFu63qEUfcXHpG6CaV_m2jZZQNULykCoH_8gA7xytwcmnHUJqVejnrnMAsEYUaE_o4Mb23zp7l37Ks_X8xDdyRW83K6a1QTAaIZH1ogYAKvfw
plastic,https://l.facebook.com/l.php?u=https%3A%2F%2Fwww.madurzo.com%2Fproduct%2Fbmw-motorsport-12-ribs-auto-switch-2-in-1-umbrella&h=AT3vcCkMpIA3GV8D5MIxdKKyd7igzCMk9aqxPNJjUMFu63qEUfcXHpG6CaV_m2jZZQNULykCoH_8gA7xytwcmnHUJqVejnrnMAsEYUaE_o4Mb23zp7l37Ks_X8xDdyRW83K6a1QTAaIZH1ogYAKvfw
plastic,https://l.facebook.com/l.php?u=https%3A%2F%2Fwww.mymagicsoap.com%2F&h=AT3vcCkMpIA3GV8D5MIxdKKyd7igzCMk9aqxPNJjUMFu63qEUfcXHpG6CaV_m2jZZQNULykCoH_8gA7xytwcmnHUJqVejnrnMAsEYUaE_o4Mb23zp7l37Ks_X8xDdyRW83K6a1QTAaIZH1ogYAKvfw
plastic,https://l.facebook.com/l.php?u=https%3A%2F%2Fwww.theconqueror.events%2Fbey-cdco-embedded%2F&h=AT3vcCkMpIA3GV8D5MIxdKKyd7igzCMk9aqxPNJjUMFu63qEUfcXHpG6CaV_m2jZZQNULykCoH_8gA7xytwcmnHUJqVejnrnMAsEYUaE_o4Mb23zp7l37Ks_X8xDdyRW83K6a1QTAaIZH1ogYAKvfw
plastic,https://l.facebook.com/l.php?u=https%3A%2F%2Fwww.theconqueror.events%2Fclp%2Ftok-cdco-vr1%2F&h=AT3vcCkMpIA3GV8D5MIxdKKyd7igzCMk9aqxPNJjUMFu63qEUfcXHpG6CaV_m2jZZQNULykCoH_8gA7xytwcmnHUJqVejnrnMAsEYUaE_o4Mb23zp7l37Ks_X8xDdyRW83K6a1QTAaIZH1ogYAKvfw
plastic,https://l.facebook.com/l.php?u=https%3A%2F%2Fwww.theconqueror.events%2Felv-lfnp-v1%2F&h=AT3vcCkMpIA3GV8D5MIxdKKyd7igzCMk9aqxPNJjUMFu63qEUfcXHpG6CaV_m2jZZQNULykCoH_8gA7xytwcmnHUJqVejnrnMAsEYUaE_o4Mb23zp7l37Ks_X8xDdyRW83K6a1QTAaIZH1ogYAKvfw
plastic,https://l.facebook.com/l.php?u=https%3A%2F%2Fwww.theconqueror.events%2Fsurvivor%2F&h=AT3vcCkMpIA3GV8D5MIxdKKyd7igzCMk9aqxPNJjUMFu63qEUfcXHpG6CaV_m2jZZQNULykCoH_8gA7xytwcmnHUJqVejnrnMAsEYUaE_o4Mb23zp7l37Ks_X8xDdyRW83K6a1QTAaIZH1ogYAKvfw
plastic,https://l.facebook.com/l.php?u=https%3A%2F%2Fwww.youtube.com%2F%40jesusevangelisticministrie1331&h=AT3vcCkMpIA3GV8D5MIxdKKyd7igzCMk9aqxPNJjUMFu63qEUfcXHpG6CaV_m2jZZQNULykCoH_8gA7xytwcmnHUJqVejnrnMAsEYUaE_o4Mb23zp7l37Ks_X8xDdyRW83K6a1QTAaIZH1ogYAKvfw
plastic,https://l.facebook.com/l.php?u=https%3A%2F%2Fyildiz.live%2Fproduct-category%2Fmens%2Fpanjabi%2F&h=AT3vcCkMpIA3GV8D5MIxdKKyd7igzCMk9aqxPNJjUMFu63qEUfcXHpG6CaV_m2jZZQNULykCoH_8gA7xytwcmnHUJqVejnrnMAsEYUaE_o4Mb23zp7l37Ks_X8xDdyRW83K6a1QTAaIZH1ogYAKvfw
plastic,https://www.facebook.com/100064331461680
plastic,https://www.facebook.com/100085112267466
plastic,https://www.facebook.com/100086180997977
plastic,https://www.facebook.com/100089233868238
plastic,https://www.facebook.com/100089663485084
plastic,https://www.facebook.com/100090280781390
plastic,https://www.facebook.com/100091358500776
plastic,https://www.facebook.com/100092177726988
plastic,https://www.facebook.com/100092563750668
plastic,https://www.facebook.com/100093853346372
plastic,https://www.facebook.com/109967641891117
plastic,https://www.facebook.com/233265183214223
plastic,https://www.facebook.com/61550893388128
plastic,https://www.facebook.com/61553772403991
plastic,https://www.facebook.com/61559784533483
plastic,https://www.facebook.com/61561643411521
plastic,https://www.facebook.com/61564498791243
plastic,https://www.facebook.com/61566514042326
plastic,https://www.facebook.com/61567020454554
plastic,https://www.facebook.com/61567152207910
plastic,https://www.facebook.com/61568143210950
plastic,https://www.facebook.com/61568432861325
plastic,https://www.facebook.com/61569188999900
plastic,https://www.facebook.com/61571419924824
plastic,https://www.facebook.com/61571491176604
plastic,https://www.facebook.com/61572449221988
plastic,https://www.facebook.com/61573460380205
plastic,https://www.facebook.com/61573602784664
plastic,https://www.facebook.com/61573652383411
plastic,https://www.facebook.com/61573811431194
plastic,https://www.facebook.com/61575026373228
plastic,https://www.facebook.com/61575043294015
plastic,https://www.facebook.com/61575252585928
plastic,https://www.facebook.com/61575605271008
plastic,https://www.facebook.com/61575609756934
plastic,https://www.facebook.com/61575847701652
plastic,https://www.facebook.com/61575867632570
plastic,https://www.facebook.com/61576280497162
plastic,https://www.facebook.com/61576343439978
plastic,https://www.facebook.com/61576550943104
plastic,https://www.facebook.com/61576757461915
plastic,https://www.facebook.com/AnkkitBahadurOfficial
plastic,https://www.facebook.com/CityBDMartt
plastic,https://www.facebook.com/EternalWatchBD
plastic,https://www.facebook.com/FranciumBD
plastic,https://www.facebook.com/FutureMartOnline
plastic,https://www.facebook.com/GadgetnGear
plastic,https://www.facebook.com/InStylebyRabeya
plastic,https://www.facebook.com/InspirePlasticSurgeryCenter
plastic,https://www.facebook.com/JesusEvangelisticMinistriesimpactslives
plastic,https://www.facebook.com/LeisterWorld
plastic,https://www.facebook.com/MyVirtualMission
plastic,https://www.facebook.com/United.Aesthetic.Plastic
plastic,https://www.facebook.com/alokchitrerkhela
plastic,https://www.facebook.com/arshopibd
plastic,https://www.facebook.com/artificialflowergarder
plastic,https://www.facebook.com/ayaatsofficial
plastic,https://www.facebook.com/bernard.a.gogo
plastic,https://www.facebook.com/botanicalluxuraiteind
plastic,https://www.facebook.com/brightfootware
plastic,https://www.facebook.com/childsgoods
plastic,https://www.facebook.com/drhedayetalikhan
plastic,https://www.facebook.com/enedao.imports
plastic,https://www.facebook.com/everpurelifebd
plastic,https://www.facebook.com/fatihas99
plastic,https://www.facebook.com/glasscartt
plastic,https://www.facebook.com/groups
plastic,https://www.facebook.com/homendecorbd
plastic,https://www.facebook.com/horizonfurniturebd
plastic,https://www.facebook.com/jewellerywholesellerofBangladesh
plastic,https://www.facebook.com/kitchenpalacebd
plastic,https://www.facebook.com/masexpressbd
plastic,https://www.facebook.com/morfeethebeauty
plastic,https://www.facebook.com/munchiesstorebd
plastic,https://www.facebook.com/nazfabs
plastic,https://www.facebook.com/orinfashionhouse
plastic,https://www.facebook.com/payelfurniture
plastic,https://www.facebook.com/premiumcrafthouse
plastic,https://www.facebook.com/printute
plastic,https://www.facebook.com/ribbonandbeyond
plastic,https://www.facebook.com/sLyZiAa
plastic,https://www.facebook.com/sdplasticsurgeryshuva
plastic,https://www.facebook.com/thepatchee.bd
plastic,https://www.facebook.com/watchexbdcom
plastic,https://www.facebook.com/watchlegionbd
plastic,https://www.facebook.com/wylongmech
plastic,https://www.facebook.com/yildiz.live
tshirt,https://l.facebook.com/l.php?u=http%3A%2F%2Fwww.shekhsaheb.com%2F&h=AT0p4yNHP3F4bl3yLsIsajwYIuV56vzPPN8yqVrt5Nu1kp1Ui26tsMylLj3JuN0VIQG7mllUBQLyPmm2rLT-s4DQ0n2Pt6Hu5jwD5L8JPvoQmRo7M-7aRBAY7F1l7xGxU36nbkWOBbyaBUnuyJ3k2w
tshirt,https://l.facebook.com/l.php?u=http%3A%2F%2Fwww.sobkinbo.com%2F&h=AT0p4yNHP3F4bl3yLsIsajwYIuV56vzPPN8yqVrt5Nu1kp1Ui26tsMylLj3JuN0VIQG7mllUBQLyPmm2rLT-s4DQ0n2Pt6Hu5jwD5L8JPvoQmRo7M-7aRBAY7F1l7xGxU36nbkWOBbyaBUnuyJ3k2w
tshirt,https://l.facebook.com/l.php?u=https%3A%2F%2Fbelieverssign.com.bd%2Fproduct%2Fneedle-drop-t-shirt-dawah-combo-02-6g41ll&h=AT0p4yNHP3F4bl3yLsIsajwYIuV56vzPPN8yqVrt5Nu1kp1Ui26tsMylLj3JuN0VIQG7mllUBQLyPmm2rLT-s4DQ0n2Pt6Hu5jwD5L8JPvoQmRo7M-7aRBAY7F1l7xGxU36nbkWOBbyaBUnuyJ3k2w
tshirt,https://l.facebook.com/l.php?u=https%3A%2F%2Fbit.ly%2F43CuVbo&h=AT0p4yNHP3F4bl3yLsIsajwYIuV56vzPPN8yqVrt5Nu1kp1Ui26tsMylLj3JuN0VIQG7mllUBQLyPmm2rLT-s4DQ0n2Pt6Hu5jwD5L8JPvoQmRo7M-7aRBAY7F1l7xGxU36nbkWOBbyaBUnuyJ3k2w
tshirt,https://l.facebook.com/l.php?u=https%3A%2F%2Fbit.ly%2F45tverG&h=AT0p4yNHP3F4bl3yLsIsajwYIuV56vzPPN8yqVrt5Nu1kp1Ui26tsMylLj3JuN0VIQG7mllUBQLyPmm2rLT-s4DQ0n2Pt6Hu5jwD5L8JPvoQmRo7M-7aRBAY7F1l7xGxU36nbkWOBbyaBUnuyJ3k2w
tshirt,https://l.facebook.com/l.php?u=https%3A%2F%2Fcgoods.clothxtra.com%2Fcollections%2Fflash-sale&h=AT0p4yNHP3F4bl3yLsIsajwYIuV56vzPPN8yqVrt5Nu1kp1Ui26tsMylLj3JuN0VIQG7mllUBQLyPmm2rLT-s4DQ0n2Pt6Hu5jwD5L8JPvoQmRo7M-7aRBAY7F1l7xGxU36nbkWOBbyaBUnuyJ3k2w
tshirt,https://l.facebook.com/l.php?u=https%3A%2F%2Fcitypaark.com%2Fproduct-category%2Fclothing%2Fmen%2Fwinter%2Ffull-sleeve-solid-tshirt%2F&h=AT0p4yNHP3F4bl3yLsIsajwYIuV56vzPPN8yqVrt5Nu1kp1Ui26tsMylLj3JuN0VIQG7mllUBQLyPmm2rLT-s4DQ0n2Pt6Hu5jwD5L8JPvoQmRo7M-7aRBAY7F1l7xGxU36nbkWOBbyaBUnuyJ3k2w
tshirt,https://l.facebook.com/l.php?u=https%3A%2F%2Fcitypaark.com%2Fproduct-category%2Fhalf-sleeve-solid-t-shirt%2F&h=AT0p4yNHP3F4bl3yLsIsajwYIuV56vzPPN8yqVrt5Nu1kp1Ui26tsMylLj3JuN0VIQG7mllUBQLyPmm2rLT-s4DQ0n2Pt6Hu5jwD5L8JPvoQmRo7M-7aRBAY7F1l7xGxU36nbkWOBbyaBUnuyJ3k2w
tshirt,https://l.facebook.com/l.php?u=https%3A%2F%2Fcustomscool.com%2Fcollections%2Fss2024-01%3Fads%3D16070140158642288558274030%252C16070140159122619858954030%252C16070140158887235907244030%252C16070140158415124639034030%252C16070144929043170427424030%252C16070159311220318374234030%252C16066897135951214104624030%252C16068316552459421043454030%252C16065446964528572284664030%252C16065305843587549793014030%252C16066796063571826512384030%252C16065650566129684600034030%252C16070057890638704894554030%252C16070111680527094986544030%252C16067217132684553832374030%252C16065306054881653611364030%252C16070144928670044751964030%252C16069098005225653325464030%26show_page%3Dfirst_page%26account%3D6858596267572783%26utm_source%3D%257B%257Bsite_source_name%257D%257D%26utm_medium%3D%257B%257Bplacement%257D%257D%26utm_content%3D0434%26utm_campaign%3D%257B%257Bcampaign.name%257D%257D%26utm_campaign_id%3D%257B%257Bcampaign.id%257D%257D%26adset_name%3D%257B%257Badset.name%257D%257D%26adset_id%3D%257B%257Badset.id%257D%257D%26ad_name%3D%257B%257Bad.name%257D%257D%26ad_id%3D%257B%257Bad.id%257D%257D&h=AT0p4yNHP3F4bl3yLsIsajwYIuV56vzPPN8yqVrt5Nu1kp1Ui26tsMylLj3JuN0VIQG7mllUBQLyPmm2rLT-s4DQ0n2Pt6Hu5jwD5L8JPvoQmRo7M-7aRBAY7F1l7xGxU36nbkWOBbyaBUnuyJ3k2w
tshirt,https://l.facebook.com/l.php?u=https%3A%2F%2Fcustomscool.com%2Fcollections%2Fss2024-01%3Fads%3D16070143987506479592524030%252C16070143987067754982984030%252C16070143987278980540874030%252C16070143986805024193394030%252C16070144924775381804774030%252C16069445226439838354234030%252C16065752353300011233994030%252C16065912501842393569534030%252C16069547278058012061194030%252C16068690906022202996894030%252C16066086045647728855024030%252C16065813035118242055634030%252C16065912842407631004814030%252C16065912842873534560144030%26show_page%3Dfirst_page%26account%3D6858596267572783%26utm_source%3D%257B%257Bsite_source_name%257D%257D%26utm_medium%3D%257B%257Bplacement%257D%257D%26utm_content%3D0434%26utm_campaign%3D%257B%257Bcampaign.name%257D%257D%26utm_campaign_id%3D%257B%257Bcampaign.id%257D%257D%26adset_name%3D%257B%257Badset.name%257D%257D%26adset_id%3D%257B%257Badset.id%257D%257D%26ad_name%3D%257B%257Bad.name%257D%257D%26ad_id%3D%257B%257Bad.id%257D%257D&h=AT0p4yNHP3F4bl3yLsIsajwYIuV56vzPPN8yqVrt5Nu1kp1Ui26tsMylLj3JuN0VIQG7mllUBQLyPmm2rLT-s4DQ0n2Pt6Hu5jwD5L8JPvoQmRo7M-7aRBAY7F1l7xGxU36nbkWOBbyaBUnuyJ3k2w
tshirt,https://l.facebook.com/l.php?u=https%3A%2F%2Fcustomscool.com%2Fcollections%2Fss2024-01%3Fads%3D16070143993551981615354030%252C16070143993160400976184030%252C16070143993336562161904030%252C16070143992948169214234030%252C16069228234437138868714030%252C16070057888758985172364030%252C16069966338036209493514030%252C16069448181562558475104030%252C16068226844167388596804030%252C16065664672248144969774030%252C16065592534930387402594030%252C16068288338636549714614030%252C16067067990863249473614030%252C16067067991208021294274030%26show_page%3Dfirst_page%26account%3D6858596267572783%26utm_source%3D%257B%257Bsite_source_name%257D%257D%26utm_medium%3D%257B%257Bplacement%257D%257D%26utm_content%3D0434%26utm_campaign%3D%257B%257Bcampaign.name%257D%257D%26utm_campaign_id%3D%257B%257Bcampaign.id%257D%257D%26adset_name%3D%257B%257Badset.name%257D%257D%26adset_id%3D%257B%257Badset.id%257D%257D%26ad_name%3D%257B%257Bad.name%257D%257D%26ad_id%3D%257B%257Bad.id%257D%257D&h=AT0p4yNHP3F4bl3yLsIsajwYIuV56vzPPN8yqVrt5Nu1kp1Ui26tsMylLj3JuN0VIQG7mllUBQLyPmm2rLT-s4DQ0n2Pt6Hu5jwD5L8JPvoQmRo7M-7aRBAY7F1l7xGxU36nbkWOBbyaBUnuyJ3k2w
tshirt,https://l.facebook.com/l.php?u=https%3A%2F%2Fcustomscool.com%2Fcollections%2Fss2024-01%3Fads%3D16070144920043368054294030%252C16069502758484915074734030%252C16065865567728272741614030%252C16067391490069438176464030%252C16066171324785942957154030%252C16067999003001801975064030%252C16068318944213462402944030%252C16068371962014707718974030%252C16069502757226456109624030%252C16069502757818524037034030%26show_page%3Dfirst_page%26account%3D6858596267572783%26utm_source%3D%257B%257Bsite_source_name%257D%257D%26utm_medium%3D%257B%257Bplacement%257D%257D%26utm_content%3D0434%26utm_campaign%3D%257B%257Bcampaign.name%257D%257D%26utm_campaign_id%3D%257B%257Bcampaign.id%257D%257D%26adset_name%3D%257B%257Badset.name%257D%257D%26adset_id%3D%257B%257Badset.id%257D%257D%26ad_name%3D%257B%257Bad.name%257D%257D%26ad_id%3D%257B%257Bad.id%257D%257D&h=AT0p4yNHP3F4bl3yLsIsajwYIuV56vzPPN8yqVrt5Nu1kp1Ui26tsMylLj3JuN0VIQG7mllUBQLyPmm2rLT-s4DQ0n2Pt6Hu5jwD5L8JPvoQmRo7M-7aRBAY7F1l7xGxU36nbkWOBbyaBUnuyJ3k2w
tshirt,https://l.facebook.com/l.php?u=https%3A%2F%2Fcustomscool.com%2Fcollections%2Fss2024-01%3Fads%3D16070144925091800515364030%252C16067506719709441639614030%252C16066110366518450662914030%252C16066389640280633546904030%252C16069329030853301425214030%252C16066375718889387550084030%252C16068735029113614532044030%252C16068114079998332205344030%252C16069329032569275113794030%252C16066490333631002791334030%26show_page%3Dfirst_page%26account%3D6858596267572783%26utm_source%3D%257B%257Bsite_source_name%257D%257D%26utm_medium%3D%257B%257Bplacement%257D%257D%26utm_content%3D0434%26utm_campaign%3D%257B%257Bcampaign.name%257D%257D%26utm_campaign_id%3D%257B%257Bcampaign.id%257D%257D%26adset_name%3D%257B%257Badset.name%257D%257D%26adset_id%3D%257B%257Badset.id%257D%257D%26ad_name%3D%257B%257Bad.name%257D%257D%26ad_id%3D%257B%257Bad.id%257D%257D&h=AT0p4yNHP3F4bl3yLsIsajwYIuV56vzPPN8yqVrt5Nu1kp1Ui26tsMylLj3JuN0VIQG7mllUBQLyPmm2rLT-s4DQ0n2Pt6Hu5jwD5L8JPvoQmRo7M-7aRBAY7F1l7xGxU36nbkWOBbyaBUnuyJ3k2w
tshirt,https://l.facebook.com/l.php?u=https%3A%2F%2Fcustomscool.com%2Fcollections%2Fss2024-01%3Fads%3D16070144929043170427424030%252C16070154895205241153724030%252C16070159311220318374234030%252C16070160353774975547464030%252C16070140158642288558274030%252C16070140158887235907244030%252C16066897135951214104624030%252C16068316552459421043454030%252C16065446964528572284664030%252C16065305843587549793014030%252C16066796063571826512384030%252C16065650566129684600034030%252C16070057890638704894554030%252C16070111680527094986544030%252C16067217132684553832374030%252C16065306054881653611364030%252C16070144928670044751964030%252C16069098005225653325464030%26show_page%3Dfirst_page%26account%3D6858596267572783%26utm_source%3D%257B%257Bsite_source_name%257D%257D%26utm_medium%3D%257B%257Bplacement%257D%257D%26utm_content%3D0434%26utm_campaign%3D%257B%257Bcampaign.name%257D%257D%26utm_campaign_id%3D%257B%257Bcampaign.id%257D%257D%26adset_name%3D%257B%257Badset.name%257D%257D%26adset_id%3D%257B%257Badset.id%257D%257D%26ad_name%3D%257B%257Bad.name%257D%257D%26ad_id%3D%257B%257Bad.id%257D%257D&h=AT0p4yNHP3F4bl3yLsIsajwYIuV56vzPPN8yqVrt5Nu1kp1Ui26tsMylLj3JuN0VIQG7mllUBQLyPmm2rLT-s4DQ0n2Pt6Hu5jwD5L8JPvoQmRo7M-7aRBAY7F1l7xGxU36nbkWOBbyaBUnuyJ3k2w
tshirt,https://l.facebook.com/l.php?u=https%3A%2F%2Fcustomscool.com%2Fcollections%2Fss2024-01%3Fads%3D16070144977824099956934030%252C16070144979764888281034030%252C16066619301660238897764030%252C16069705677787690792524030%252C16066796054236815762884030%252C16066796053829632721264030%252C16070159316051988811074030%252C16070159316516885471634030%252C16070159316313042295914030%252C16070159316767704852344030%26show_page%3Dfirst_page%26account%3D6858596267572783%26utm_source%3D%257B%257Bsite_source_name%257D%257D%26utm_medium%3D%257B%257Bplacement%257D%257D%26utm_content%3D0434%26utm_campaign%3D%257B%257Bcampaign.name%257D%257D%26utm_campaign_id%3D%257B%257Bcampaign.id%257D%257D%26adset_name%3D%257B%257Badset.name%257D%257D%26adset_id%3D%257B%257Badset.id%257D%257D%26ad_name%3D%257B%257Bad.name%257D%257D%26ad_id%3D%257B%257Bad.id%257D%257D&h=AT0p4yNHP3F4bl3yLsIsajwYIuV56vzPPN8yqVrt5Nu1kp1Ui26tsMylLj3JuN0VIQG7mllUBQLyPmm2rLT-s4DQ0n2Pt6Hu5jwD5L8JPvoQmRo7M-7aRBAY7F1l7xGxU36nbkWOBbyaBUnuyJ3k2w
tshirt,https://l.facebook.com/l.php?u=https%3A%2F%2Fcustomscool.com%2Fcollections%2Fss2024-01%3Fads%3D16070144978206956426364030%252C16070144977582340667264030%252C16066405675840003168794030%252C16068303543208331678104030%252C16070041878254709935454030%252C16069231594740866119114030%252C16070143995295805450144030%252C16070143994902714851224030%252C16066418174776165091334030%252C16067680071319017726474030%252C16066579547425834752504030%252C16066593211111492873184030%252C16069217088834099425534030%252C16069144550709489856354030%252C16066579548396061148184030%252C16066579548731605476304030%26show_page%3Dfirst_page%26account%3D6858596267572783%26utm_source%3D%257B%257Bsite_source_name%257D%257D%26utm_medium%3D%257B%257Bplacement%257D%257D%26utm_content%3D0434%26utm_campaign%3D%257B%257Bcampaign.name%257D%257D%26utm_campaign_id%3D%257B%257Bcampaign.id%257D%257D%26adset_name%3D%257B%257Badset.name%257D%257D%26adset_id%3D%257B%257Badset.id%257D%257D%26ad_name%3D%257B%257Bad.name%257D%257D%26ad_id%3D%257B%257Bad.id%257D%257D&h=AT0p4yNHP3F4bl3yLsIsajwYIuV56vzPPN8yqVrt5Nu1kp1Ui26tsMylLj3JuN0VIQG7mllUBQLyPmm2rLT-s4DQ0n2Pt6Hu5jwD5L8JPvoQmRo7M-7aRBAY7F1l7xGxU36nbkWOBbyaBUnuyJ3k2w
tshirt,https://l.facebook.com/l.php?u=https%3A%2F%2Fcustomscool.com%2Fcollections%2Fss2024-01%3Fads%3D16070144978885258867774030%252C16070144977358868145284030%252C16070040386195151337774030%252C16070057883011446514934030%252C16070155106331237254804030%252C16070155106824655181954030%252C16066259851938816385174030%252C16069098004026082377554030%252C16066883097966034373144030%252C16068545617874230164134030%252C16066317713391443488284030%252C16066317712985266671574030%252C16069314349048161989614030%252C16066216472796474099744030%252C16066619304219603177084030%252C16069299808582175765514030%252C16069299807361968824234030%252C16067983804028745201944030%252C16069053146476639751524030%252C16069256038104558928434030%252C16066082256910108995554030%252C16068213227519675452734030%252C16070115868585104811224030%252C16070057889085134693534030%26show_page%3Dfirst_page%26account%3D6858596267572783%26utm_source%3D%257B%257Bsite_source_name%257D%257D%26utm_medium%3D%257B%257Bplacement%257D%257D%26utm_content%3D0434%26utm_campaign%3D%257B%257Bcampaign.name%257D%257D%26utm_campaign_id%3D%257B%257Bcampaign.id%257D%257D%26adset_name%3D%257B%257Badset.name%257D%257D%26adset_id%3D%257B%257Badset.id%257D%257D%26ad_name%3D%257B%257Bad.name%257D%257D%26ad_id%3D%257B%257Bad.id%257D%257D&h=AT0p4yNHP3F4bl3yLsIsajwYIuV56vzPPN8yqVrt5Nu1kp1Ui26tsMylLj3JuN0VIQG7mllUBQLyPmm2rLT-s4DQ0n2Pt6Hu5jwD5L8JPvoQmRo7M-7aRBAY7F1l7xGxU36nbkWOBbyaBUnuyJ3k2w
tshirt,https://l.facebook.com/l.php?u=https%3A%2F%2Fcustomscool.com%2Fcollections%2Fss2024-01%3Fads%3D16070155099437311014054030%252C16070155099942137437144030%252C16070155099703230299294030%252C16070155100241275224284030%252C16066491393628595839224030%252C16066691394495053914734030%252C16068303544182751978204030%252C16069329027078763402274030%252C16069756392892552017524030%252C16068911813993043144234030%252C16066691395486084060344030%252C16066691395860719294864030%26show_page%3Dfirst_page%26account%3D6858596267572783%26utm_source%3D%257B%257Bsite_source_name%257D%257D%26utm_medium%3D%257B%257Bplacement%257D%257D%26utm_content%3D0434%26utm_campaign%3D%257B%257Bcampaign.name%257D%257D%26utm_campaign_id%3D%257B%257Bcampaign.id%257D%257D%26adset_name%3D%257B%257Badset.name%257D%257D%26adset_id%3D%257B%257Badset.id%257D%257D%26ad_name%3D%257B%257Bad.name%257D%257D%26ad_id%3D%257B%257Bad.id%257D%257D&h=AT0p4yNHP3F4bl3yLsIsajwYIuV56vzPPN8yqVrt5Nu1kp1Ui26tsMylLj3JuN0VIQG7mllUBQLyPmm2rLT-s4DQ0n2Pt6Hu5jwD5L8JPvoQmRo7M-7aRBAY7F1l7xGxU36nbkWOBbyaBUnuyJ3k2w
tshirt,https://l.facebook.com/l.php?u=https%3A%2F%2Fcustomscool.com%2Fcollections%2Fss2024-01%3Fads%3D16070155102480194674304030%252C16070155103042231439104030%252C16070155102842918088184030%252C16070155103247920085234030%252C16065260039384030565814030%252C16067012180469235512664030%252C16068662464831145019004030%252C16068662463760758236104030%252C16068651421712400150924030%252C16067172403128660180194030%252C16067172402872304356024030%252C16067172402532062418844030%26show_page%3Dfirst_page%26account%3D6858596267572783%26utm_source%3D%257B%257Bsite_source_name%257D%257D%26utm_medium%3D%257B%257Bplacement%257D%257D%26utm_content%3D0434%26utm_campaign%3D%257B%257Bcampaign.name%257D%257D%26utm_campaign_id%3D%257B%257Bcampaign.id%257D%257D%26adset_name%3D%257B%257Badset.name%257D%257D%26adset_id%3D%257B%257Badset.id%257D%257D%26ad_name%3D%257B%257Bad.name%257D%257D%26ad_id%3D%257B%257Bad.id%257D%257D&h=AT0p4yNHP3F4bl3yLsIsajwYIuV56vzPPN8yqVrt5Nu1kp1Ui26tsMylLj3JuN0VIQG7mllUBQLyPmm2rLT-s4DQ0n2Pt6Hu5jwD5L8JPvoQmRo7M-7aRBAY7F1l7xGxU36nbkWOBbyaBUnuyJ3k2w
tshirt,https://l.facebook.com/l.php?u=https%3A%2F%2Fcustomscool.com%2Fcollections%2Fss2024-01%3Fads%3D16070155104668279212514030%252C16070155105135692444184030%252C16070155104939063871234030%252C16070155104439941702114030%252C16070043286380877388314030%252C16070111672017858800234030%252C16068821148677103972584030%252C16067386962264583546024030%252C16068647407699047244624030%252C16067391082533916610394030%252C16069041312982913592234030%252C16066506543448268499114030%252C16067386961541317364334030%252C16067386961897497590484030%26show_page%3Dfirst_page%26account%3D6858596267572783%26utm_source%3D%257B%257Bsite_source_name%257D%257D%26utm_medium%3D%257B%257Bplacement%257D%257D%26utm_content%3D0434%26utm_campaign%3D%257B%257Bcampaign.name%257D%257D%26utm_campaign_id%3D%257B%257Bcampaign.id%257D%257D%26adset_name%3D%257B%257Badset.name%257D%257D%26adset_id%3D%257B%257Badset.id%257D%257D%26ad_name%3D%257B%257Bad.name%257D%257D%26ad_id%3D%257B%257Bad.id%257D%257D&h=AT0p4yNHP3F4bl3yLsIsajwYIuV56vzPPN8yqVrt5Nu1kp1Ui26tsMylLj3JuN0VIQG7mllUBQLyPmm2rLT-s4DQ0n2Pt6Hu5jwD5L8JPvoQmRo7M-7aRBAY7F1l7xGxU36nbkWOBbyaBUnuyJ3k2w
tshirt,https://l.facebook.com/l.php?u=https%3A%2F%2Fcustomscool.com%2Fcollections%2Fss2024-01%3Fads%3D16070157438647292888644030%252C16070157438410230409414030%252C16070157438004054034244030%252C16070157438175349806264030%252C16065955042796367223704030%252C16065969661489646640934030%252C16069966345846003547014030%252C16069966343140844802414030%252C16070057883752496139324030%252C16070125668727395550794030%252C16069125537324304103504030%252C16069198429556718990994030%252C16065984401733688213384030%252C16066009001823589342494030%252C16066013073054294746664030%252C16066013072646440730564030%26show_page%3Dfirst_page%26account%3D6858596267572783%26utm_source%3D%257B%257Bsite_source_name%257D%257D%26utm_medium%3D%257B%257Bplacement%257D%257D%26utm_content%3D0434%26utm_campaign%3D%257B%257Bcampaign.name%257D%257D%26utm_campaign_id%3D%257B%257Bcampaign.id%257D%257D%26adset_name%3D%257B%257Badset.name%257D%257D%26adset_id%3D%257B%257Badset.id%257D%257D%26ad_name%3D%257B%257Bad.name%257D%257D%26ad_id%3D%257B%257Bad.id%257D%257D&h=AT0p4yNHP3F4bl3yLsIsajwYIuV56vzPPN8yqVrt5Nu1kp1Ui26tsMylLj3JuN0VIQG7mllUBQLyPmm2rLT-s4DQ0n2Pt6Hu5jwD5L8JPvoQmRo7M-7aRBAY7F1l7xGxU36nbkWOBbyaBUnuyJ3k2w
tshirt,https://l.facebook.com/l.php?u=https%3A%2F%2Fcustomscool.com%2Fcollections%2Fss2024-01%3Fads%3D16070158114822784785774030%252C16070158115294392322504030%252C16070158115091891324064030%252C16070158115506288557024030%252C16070129365379407375084030%252C16070129364927093217804030%252C16070160348927030794984030%252C16070057882665668529334030%252C16070040389501269516094030%252C16066416334792546144934030%252C16066503334782052619174030%252C16067084996224388987164030%26show_page%3Dfirst_page%26account%3D6858596267572783%26utm_source%3D%257B%257Bsite_source_name%257D%257D%26utm_medium%3D%257B%257Bplacement%257D%257D%26utm_content%3D0434%26utm_campaign%3D%257B%257Bcampaign.name%257D%257D%26utm_campaign_id%3D%257B%257Bcampaign.id%257D%257D%26adset_name%3D%257B%257Badset.name%257D%257D%26adset_id%3D%257B%257Badset.id%257D%257D%26ad_name%3D%257B%257Bad.name%257D%257D%26ad_id%3D%257B%257Bad.id%257D%257D&h=AT0p4yNHP3F4bl3yLsIsajwYIuV56vzPPN8yqVrt5Nu1kp1Ui26tsMylLj3JuN0VIQG7mllUBQLyPmm2rLT-s4DQ0n2Pt6Hu5jwD5L8JPvoQmRo7M-7aRBAY7F1l7xGxU36nbkWOBbyaBUnuyJ3k2w
tshirt,https://l.facebook.com/l.php?u=https%3A%2F%2Fcustomscool.com%2Fcollections%2Fss2024-01%3Fads%3D16070158115979573405014030%252C16070158116430209452404030%252C16070158116239116958714030%252C16070158115715332661234030%252C16069448178782070435034030%252C16065492675600759072214030%252C16066009081784304125214030%252C16068343511949341329874030%252C16070140155179303413094030%252C16070140155469884373764030%252C16067084666366035270424030%252C16067084666726913644814030%26show_page%3Dfirst_page%26account%3D6858596267572783%26utm_source%3D%257B%257Bsite_source_name%257D%257D%26utm_medium%3D%257B%257Bplacement%257D%257D%26utm_content%3D0434%26utm_campaign%3D%257B%257Bcampaign.name%257D%257D%26utm_campaign_id%3D%257B%257Bcampaign.id%257D%257D%26adset_name%3D%257B%257Badset.name%257D%257D%26adset_id%3D%257B%257Badset.id%257D%257D%26ad_name%3D%257B%257Bad.name%257D%257D%26ad_id%3D%257B%257Bad.id%257D%257D&h=AT0p4yNHP3F4bl3yLsIsajwYIuV56vzPPN8yqVrt5Nu1kp1Ui26tsMylLj3JuN0VIQG7mllUBQLyPmm2rLT-s4DQ0n2Pt6Hu5jwD5L8JPvoQmRo7M-7aRBAY7F1l7xGxU36nbkWOBbyaBUnuyJ3k2w
tshirt,https://l.facebook.com/l.php?u=https%3A%2F%2Fcustomscool.com%2Fcollections%2Fss2024-01%3Fads%3D16070159316051988811074030%252C16070159316516885471634030%252C16070159316313042295914030%252C16070159316767704852344030%252C16070144977824099956934030%252C16070144979764888281034030%252C16066619301660238897764030%252C16069705677787690792524030%252C16066796054236815762884030%252C16066796053829632721264030%26show_page%3Dfirst_page%26account%3D6858596267572783%26utm_source%3D%257B%257Bsite_source_name%257D%257D%26utm_medium%3D%257B%257Bplacement%257D%257D%26utm_content%3D0434%26utm_campaign%3D%257B%257Bcampaign.name%257D%257D%26utm_campaign_id%3D%257B%257Bcampaign.id%257D%257D%26adset_name%3D%257B%257Badset.name%257D%257D%26adset_id%3D%257B%257Badset.id%257D%257D%26ad_name%3D%257B%257Bad.name%257D%257D%26ad_id%3D%257B%257Bad.id%257D%257D&h=AT0p4yNHP3F4bl3yLsIsajwYIuV56vzPPN8yqVrt5Nu1kp1Ui26tsMylLj3JuN0VIQG7mllUBQLyPmm2rLT-s4DQ0n2Pt6Hu5jwD5L8JPvoQmRo7M-7aRBAY7F1l7xGxU36nbkWOBbyaBUnuyJ3k2w
tshirt,https://l.facebook.com/l.php?u=https%3A%2F%2Fevergreenonlinefashion.com%2Ftank-top&h=AT0p4yNHP3F4bl3yLsIsajwYIuV56vzPPN8yqVrt5Nu1kp1Ui26tsMylLj3JuN0VIQG7mllUBQLyPmm2rLT-s4DQ0n2Pt6Hu5jwD5L8JPvoQmRo7M-7aRBAY7F1l7xGxU36nbkWOBbyaBUnuyJ3k2w
tshirt,https://l.facebook.com/l.php?u=https%3A%2F%2Ffaaith.com%2Fproduct-category%2Fdropshoulders%2F&h=AT0p4yNHP3F4bl3yLsIsajwYIuV56vzPPN8yqVrt5Nu1kp1Ui26tsMylLj3JuN0VIQG7mllUBQLyPmm2rLT-s4DQ0n2Pt6Hu5jwD5L8JPvoQmRo7M-7aRBAY7F1l7xGxU36nbkWOBbyaBUnuyJ3k2w
tshirt,https://l.facebook.com/l.php?u=https%3A%2F%2Ffavnix.com%2Fproduct-category%2Fpolo-collar-t-shirt%2F&h=AT0p4yNHP3F4bl3yLsIsajwYIuV56vzPPN8yqVrt5Nu1kp1Ui26tsMylLj3JuN0VIQG7mllUBQLyPmm2rLT-s4DQ0n2Pt6Hu5jwD5L8JPvoQmRo7M-7aRBAY7F1l7xGxU36nbkWOBbyaBUnuyJ3k2w
tshirt,https://l.facebook.com/l.php?u=https%3A%2F%2Fhplusbd.com%2Fproduct-category%2Fboys%2F%3Forderby%3Ddate&h=AT0p4yNHP3F4bl3yLsIsajwYIuV56vzPPN8yqVrt5Nu1kp1Ui26tsMylLj3JuN0VIQG7mllUBQLyPmm2rLT-s4DQ0n2Pt6Hu5jwD5L8JPvoQmRo7M-7aRBAY7F1l7xGxU36nbkWOBbyaBUnuyJ3k2w
tshirt,https://l.facebook.com/l.php?u=https%3A%2F%2Fimaginex.com.bd%2Fti-shirt-combo-offer&h=AT0p4yNHP3F4bl3yLsIsajwYIuV56vzPPN8yqVrt5Nu1kp1Ui26tsMylLj3JuN0VIQG7mllUBQLyPmm2rLT-s4DQ0n2Pt6Hu5jwD5L8JPvoQmRo7M-7aRBAY7F1l7xGxU36nbkWOBbyaBUnuyJ3k2w
tshirt,https://l.facebook.com/l.php?u=https%3A%2F%2Flegacyboutiques.co%2Fcollections%2F3quarter-sleeve-t-shirt-side-pocket&h=AT0p4yNHP3F4bl3yLsIsajwYIuV56vzPPN8yqVrt5Nu1kp1Ui26tsMylLj3JuN0VIQG7mllUBQLyPmm2rLT-s4DQ0n2Pt6Hu5jwD5L8JPvoQmRo7M-7aRBAY7F1l7xGxU36nbkWOBbyaBUnuyJ3k2w
tshirt,https://l.facebook.com/l.php?u=https%3A%2F%2Flegacyboutiques.co%2Fcollections%2Fall-ladies-t-shirt&h=AT0p4yNHP3F4bl3yLsIsajwYIuV56vzPPN8yqVrt5Nu1kp1Ui26tsMylLj3JuN0VIQG7mllUBQLyPmm2rLT-s4DQ0n2Pt6Hu5jwD5L8JPvoQmRo7M-7aRBAY7F1l7xGxU36nbkWOBbyaBUnuyJ3k2w
tshirt,https://l.facebook.com/l.php?u=https%3A%2F%2Flegacyboutiques.co%2Fcollections%2Fblouse-crop-tops&h=AT0p4yNHP3F4bl3yLsIsajwYIuV56vzPPN8yqVrt5Nu1kp1Ui26tsMylLj3JuN0VIQG7mllUBQLyPmm2rLT-s4DQ0n2Pt6Hu5jwD5L8JPvoQmRo7M-7aRBAY7F1l7xGxU36nbkWOBbyaBUnuyJ3k2w
tshirt,https://l.facebook.com/l.php?u=https%3A%2F%2Flegacyboutiques.co%2Fcollections%2Fboys-t-shirts&h=AT0p4yNHP3F4bl3yLsIsajwYIuV56vzPPN8yqVrt5Nu1kp1Ui26tsMylLj3JuN0VIQG7mllUBQLyPmm2rLT-s4DQ0n2Pt6Hu5jwD5L8JPvoQmRo7M-7aRBAY7F1l7xGxU36nbkWOBbyaBUnuyJ3k2w
tshirt,https://l.facebook.com/l.php?u=https%3A%2F%2Flegacyboutiques.co%2Fcollections%2Fcrop-tops&h=AT0p4yNHP3F4bl3yLsIsajwYIuV56vzPPN8yqVrt5Nu1kp1Ui26tsMylLj3JuN0VIQG7mllUBQLyPmm2rLT-s4DQ0n2Pt6Hu5jwD5L8JPvoQmRo7M-7aRBAY7F1l7xGxU36nbkWOBbyaBUnuyJ3k2w
tshirt,https://l.facebook.com/l.php?u=https%3A%2F%2Flegacyboutiques.co%2Fcollections%2Fdrop-shoulder-t-shirt&h=AT0p4yNHP3F4bl3yLsIsajwYIuV56vzPPN8yqVrt5Nu1kp1Ui26tsMylLj3JuN0VIQG7mllUBQLyPmm2rLT-s4DQ0n2Pt6Hu5jwD5L8JPvoQmRo7M-7aRBAY7F1l7xGxU36nbkWOBbyaBUnuyJ3k2w
tshirt,https://l.facebook.com/l.php?u=https%3A%2F%2Flegacyboutiques.co%2Fcollections%2Fkids-t-shirt-sets&h=AT0p4yNHP3F4bl3yLsIsajwYIuV56vzPPN8yqVrt5Nu1kp1Ui26tsMylLj3JuN0VIQG7mllUBQLyPmm2rLT-s4DQ0n2Pt6Hu5jwD5L8JPvoQmRo7M-7aRBAY7F1l7xGxU36nbkWOBbyaBUnuyJ3k2w
tshirt,https://l.facebook.com/l.php?u=https%3A%2F%2Flegacyboutiques.co%2Fcollections%2Fladies-long-t-shirt&h=AT0p4yNHP3F4bl3yLsIsajwYIuV56vzPPN8yqVrt5Nu1kp1Ui26tsMylLj3JuN0VIQG7mllUBQLyPmm2rLT-s4DQ0n2Pt6Hu5jwD5L8JPvoQmRo7M-7aRBAY7F1l7xGxU36nbkWOBbyaBUnuyJ3k2w
tshirt,https://l.facebook.com/l.php?u=https%3A%2F%2Flegacyboutiques.co%2Fcollections%2Fladies-tops&h=AT0p4yNHP3F4bl3yLsIsajwYIuV56vzPPN8yqVrt5Nu1kp1Ui26tsMylLj3JuN0VIQG7mllUBQLyPmm2rLT-s4DQ0n2Pt6Hu5jwD5L8JPvoQmRo7M-7aRBAY7F1l7xGxU36nbkWOBbyaBUnuyJ3k2w
tshirt,https://l.facebook.com/l.php?u=https%3A%2F%2Flegacyboutiques.co%2Fcollections%2Fmen-s-regular-t-shirts&h=AT0p4yNHP3F4bl3yLsIsajwYIuV56vzPPN8yqVrt5Nu1kp1Ui26tsMylLj3JuN0VIQG7mllUBQLyPmm2rLT-s4DQ0n2Pt6Hu5jwD5L8JPvoQmRo7M-7aRBAY7F1l7xGxU36nbkWOBbyaBUnuyJ3k2w
tshirt,https://l.facebook.com/l.php?u=https%3A%2F%2Flegacyboutiques.co%2Fcollections%2Fmetal-t-shirt&h=AT0p4yNHP3F4bl3yLsIsajwYIuV56vzPPN8yqVrt5Nu1kp1Ui26tsMylLj3JuN0VIQG7mllUBQLyPmm2rLT-s4DQ0n2Pt6Hu5jwD5L8JPvoQmRo7M-7aRBAY7F1l7xGxU36nbkWOBbyaBUnuyJ3k2w
tshirt,https://l.facebook.com/l.php?u=https%3A%2F%2Flegacyboutiques.co%2Fcollections%2Fnighty&h=AT0p4yNHP3F4bl3yLsIsajwYIuV56vzPPN8yqVrt5Nu1kp1Ui26tsMylLj3JuN0VIQG7mllUBQLyPmm2rLT-s4DQ0n2Pt6Hu5jwD5L8JPvoQmRo7M-7aRBAY7F1l7xGxU36nbkWOBbyaBUnuyJ3k2w
tshirt,https://l.facebook.com/l.php?u=https%3A%2F%2Flegacyboutiques.co%2Fcollections%2Fraglan-sleeve-side-pocket-t-shirt&h=AT0p4yNHP3F4bl3yLsIsajwYIuV56vzPPN8yqVrt5Nu1kp1Ui26tsMylLj3JuN0VIQG7mllUBQLyPmm2rLT-s4DQ0n2Pt6Hu5jwD5L8JPvoQmRo7M-7aRBAY7F1l7xGxU36nbkWOBbyaBUnuyJ3k2w
tshirt,https://l.facebook.com/l.php?u=https%3A%2F%2Flegacyboutiques.co%2Fcollections%2Ftanktop&h=AT0p4yNHP3F4bl3yLsIsajwYIuV56vzPPN8yqVrt5Nu1kp1Ui26tsMylLj3JuN0VIQG7mllUBQLyPmm2rLT-s4DQ0n2Pt6Hu5jwD5L8JPvoQmRo7M-7aRBAY7F1l7xGxU36nbkWOBbyaBUnuyJ3k2w
tshirt,https://l.facebook.com/l.php?u=https%3A%2F%2Flegacyboutiques.co%2Fcollections%2Fwomens-undergarments&h=AT0p4yNHP3F4bl3yLsIsajwYIuV56vzPPN8yqVrt5Nu1kp1Ui26tsMylLj3JuN0VIQG7mllUBQLyPmm2rLT-s4DQ0n2Pt6Hu5jwD5L8JPvoQmRo7M-7aRBAY7F1l7xGxU36nbkWOBbyaBUnuyJ3k2w
tshirt,https://l.facebook.com/l.php?u=https%3A%2F%2Flivingtexglobal.com%2Fcollections%2Fmen%2Fproducts%2F10-pcs-branded-multicolor-and-assorted-t-shirt%3Futm_source%3DFacebook%26utm_medium%3DSales%26utm_campaign%3DT-shirt%2520Sales%2520Campaign%2520(29.05.2025)&h=AT0p4yNHP3F4bl3yLsIsajwYIuV56vzPPN8yqVrt5Nu1kp1Ui26tsMylLj3JuN0VIQG7mllUBQLyPmm2rLT-s4DQ0n2Pt6Hu5jwD5L8JPvoQmRo7M-7aRBAY7F1l7xGxU36nbkWOBbyaBUnuyJ3k2w
tshirt,https://l.facebook.com/l.php?u=https%3A%2F%2Flivingtexglobal.com%2Fcollections%2Fmen%2Fproducts%2F10-pcs-branded-multicolor-and-assorted-t-shirt&h=AT0p4yNHP3F4bl3yLsIsajwYIuV56vzPPN8yqVrt5Nu1kp1Ui26tsMylLj3JuN0VIQG7mllUBQLyPmm2rLT-s4DQ0n2Pt6Hu5jwD5L8JPvoQmRo7M-7aRBAY7F1l7xGxU36nbkWOBbyaBUnuyJ3k2w
tshirt,https://l.facebook.com/l.php?u=https%3A%2F%2Fshekhsaheb.com%2Fproduct%2Fshekhsaheb-drop-shoulder-combo-marron-white-black%2F&h=AT0p4yNHP3F4bl3yLsIsajwYIuV56vzPPN8yqVrt5Nu1kp1Ui26tsMylLj3JuN0VIQG7mllUBQLyPmm2rLT-s4DQ0n2Pt6Hu5jwD5L8JPvoQmRo7M-7aRBAY7F1l7xGxU36nbkWOBbyaBUnuyJ3k2w
tshirt,https://l.facebook.com/l.php?u=https%3A%2F%2Fshirtz.cool%2Fcollections%2Fjackets%2Fproducts%2Fthe-patch-portal-denim-jacket&h=AT0p4yNHP3F4bl3yLsIsajwYIuV56vzPPN8yqVrt5Nu1kp1Ui26tsMylLj3JuN0VIQG7mllUBQLyPmm2rLT-s4DQ0n2Pt6Hu5jwD5L8JPvoQmRo7M-7aRBAY7F1l7xGxU36nbkWOBbyaBUnuyJ3k2w
tshirt,https://l.facebook.com/l.php?u=https%3A%2F%2Fshirtz.cool%2Fcollections%2Fjackets%2Fproducts%2Fthe-skull-puffer&h=AT0p4yNHP3F4bl3yLsIsajwYIuV56vzPPN8yqVrt5Nu1kp1Ui26tsMylLj3JuN0VIQG7mllUBQLyPmm2rLT-s4DQ0n2Pt6Hu5jwD5L8JPvoQmRo7M-7aRBAY7F1l7xGxU36nbkWOBbyaBUnuyJ3k2w
tshirt,https://l.facebook.com/l.php?u=https%3A%2F%2Fshirtz.cool%2Fcollections%2Fjackets%2Fproducts%2Fthe-spider-sherpa-fleece-jacket&h=AT0p4yNHP3F4bl3yLsIsajwYIuV56vzPPN8yqVrt5Nu1kp1Ui26tsMylLj3JuN0VIQG7mllUBQLyPmm2rLT-s4DQ0n2Pt6Hu5jwD5L8JPvoQmRo7M-7aRBAY7F1l7xGxU36nbkWOBbyaBUnuyJ3k2w
tshirt,https://l.facebook.com/l.php?u=https%3A%2F%2Fshirtz.cool%2Fcollections%2Fjumpers%2Fproducts%2Fthe-not-nice-hoodie&h=AT0p4yNHP3F4bl3yLsIsajwYIuV56vzPPN8yqVrt5Nu1kp1Ui26tsMylLj3JuN0VIQG7mllUBQLyPmm2rLT-s4DQ0n2Pt6Hu5jwD5L8JPvoQmRo7M-7aRBAY7F1l7xGxU36nbkWOBbyaBUnuyJ3k2w
tshirt,https://l.facebook.com/l.php?u=https%3A%2F%2Fshirtz.cool%2Fcollections%2Fjumpers%2Fproducts%2Fthe-toxic-positivity-knit&h=AT0p4yNHP3F4bl3yLsIsajwYIuV56vzPPN8yqVrt5Nu1kp1Ui26tsMylLj3JuN0VIQG7mllUBQLyPmm2rLT-s4DQ0n2Pt6Hu5jwD5L8JPvoQmRo7M-7aRBAY7F1l7xGxU36nbkWOBbyaBUnuyJ3k2w
tshirt,https://l.facebook.com/l.php?u=https%3A%2F%2Fshirtz.cool%2Fcollections%2Fjumpers%2Fproducts%2Fthe-weaver-hoodie&h=AT0p4yNHP3F4bl3yLsIsajwYIuV56vzPPN8yqVrt5Nu1kp1Ui26tsMylLj3JuN0VIQG7mllUBQLyPmm2rLT-s4DQ0n2Pt6Hu5jwD5L8JPvoQmRo7M-7aRBAY7F1l7xGxU36nbkWOBbyaBUnuyJ3k2w
tshirt,https://l.facebook.com/l.php?u=https%3A%2F%2Fshirtz.cool%2Fcollections%2Flongsleeves%2Fproducts%2Fthe-awoken-crew&h=AT0p4yNHP3F4bl3yLsIsajwYIuV56vzPPN8yqVrt5Nu1kp1Ui26tsMylLj3JuN0VIQG7mllUBQLyPmm2rLT-s4DQ0n2Pt6Hu5jwD5L8JPvoQmRo7M-7aRBAY7F1l7xGxU36nbkWOBbyaBUnuyJ3k2w
tshirt,https://l.facebook.com/l.php?u=https%3A%2F%2Fshirtz.cool%2Fcollections%2Fpants%2Fproducts%2Fthe-portal-denim-pants&h=AT0p4yNHP3F4bl3yLsIsajwYIuV56vzPPN8yqVrt5Nu1kp1Ui26tsMylLj3JuN0VIQG7mllUBQLyPmm2rLT-s4DQ0n2Pt6Hu5jwD5L8JPvoQmRo7M-7aRBAY7F1l7xGxU36nbkWOBbyaBUnuyJ3k2w
tshirt,https://l.facebook.com/l.php?u=https%3A%2F%2Fshirtz.cool%2Fcollections%2Ft-shirts%2Fproducts%2Fthe-scrawl-tee&h=AT0p4yNHP3F4bl3yLsIsajwYIuV56vzPPN8yqVrt5Nu1kp1Ui26tsMylLj3JuN0VIQG7mllUBQLyPmm2rLT-s4DQ0n2Pt6Hu5jwD5L8JPvoQmRo7M-7aRBAY7F1l7xGxU36nbkWOBbyaBUnuyJ3k2w
tshirt,https://l.facebook.com/l.php?u=https%3A%2F%2Fshirtz.cool%2Fcollections%2Ftops%2Fproducts%2Fthe-killer-nurse-tee&h=AT0p4yNHP3F4bl3yLsIsajwYIuV56vzPPN8yqVrt5Nu1kp1Ui26tsMylLj3JuN0VIQG7mllUBQLyPmm2rLT-s4DQ0n2Pt6Hu5jwD5L8JPvoQmRo7M-7aRBAY7F1l7xGxU36nbkWOBbyaBUnuyJ3k2w
tshirt,https://l.facebook.com/l.php?u=https%3A%2F%2Ft-shirt.belgachiexpress.com%2Fstep%2Fkurbani-t-shirt%2F&h=AT0p4yNHP3F4bl3yLsIsajwYIuV56vzPPN8yqVrt5Nu1kp1Ui26tsMylLj3JuN0VIQG7mllUBQLyPmm2rLT-s4DQ0n2Pt6Hu5jwD5L8JPvoQmRo7M-7aRBAY7F1l7xGxU36nbkWOBbyaBUnuyJ3k2w
tshirt,https://l.facebook.com/l.php?u=https%3A%2F%2Ft.site%2F3H3eaP9&h=AT0p4yNHP3F4bl3yLsIsajwYIuV56vzPPN8yqVrt5Nu1kp1Ui26tsMylLj3JuN0VIQG7mllUBQLyPmm2rLT-s4DQ0n2Pt6Hu5jwD5L8JPvoQmRo7M-7aRBAY7F1l7xGxU36nbkWOBbyaBUnuyJ3k2w
tshirt,https://l.facebook.com/l.php?u=https%3A%2F%2Ft.site%2F4mo3pa6&h=AT0p4yNHP3F4bl3yLsIsajwYIuV56vzPPN8yqVrt5Nu1kp1Ui26tsMylLj3JuN0VIQG7mllUBQLyPmm2rLT-s4DQ0n2Pt6Hu5jwD5L8JPvoQmRo7M-7aRBAY7F1l7xGxU36nbkWOBbyaBUnuyJ3k2w
tshirt,https://l.facebook.com/l.php?u=https%3A%2F%2Ftinyurl.com%2F4cdx92vz&h=AT0p4yNHP3F4bl3yLsIsajwYIuV56vzPPN8yqVrt5Nu1kp1Ui26tsMylLj3JuN0VIQG7mllUBQLyPmm2rLT-s4DQ0n2Pt6Hu5jwD5L8JPvoQmRo7M-7aRBAY7F1l7xGxU36nbkWOBbyaBUnuyJ3k2w
tshirt,https://l.facebook.com/l.php?u=https%3A%2F%2Ftreindyoutfit.com%2Fproduct%2Fbangladesh-mens-national-team-black-press-polo-101%2F&h=AT0p4yNHP3F4bl3yLsIsajwYIuV56vzPPN8yqVrt5Nu1kp1Ui26tsMylLj3JuN0VIQG7mllUBQLyPmm2rLT-s4DQ0n2Pt6Hu5jwD5L8JPvoQmRo7M-7aRBAY7F1l7xGxU36nbkWOBbyaBUnuyJ3k2w
tshirt,https://l.facebook.com/l.php?u=https%3A%2F%2Ftshirt.designmarts.xyz%2F&h=AT0p4yNHP3F4bl3yLsIsajwYIuV56vzPPN8yqVrt5Nu1kp1Ui26tsMylLj3JuN0VIQG7mllUBQLyPmm2rLT-s4DQ0n2Pt6Hu5jwD5L8JPvoQmRo7M-7aRBAY7F1l7xGxU36nbkWOBbyaBUnuyJ3k2w
tshirt,https://l.facebook.com/l.php?u=https%3A%2F%2Fwa.me%2F%2B8801975618875&h=AT0p4yNHP3F4bl3yLsIsajwYIuV56vzPPN8yqVrt5Nu1kp1Ui26tsMylLj3JuN0VIQG7mllUBQLyPmm2rLT-s4DQ0n2Pt6Hu5jwD5L8JPvoQmRo7M-7aRBAY7F1l7xGxU36nbkWOBbyaBUnuyJ3k2w
tshirt,https://l.facebook.com/l.php?u=https%3A%2F%2Fwearbangladesh.com%2Fproduct-category%2Fladies-combo-set%2F&h=AT0p4yNHP3F4bl3yLsIsajwYIuV56vzPPN8yqVrt5Nu1kp1Ui26tsMylLj3JuN0VIQG7mllUBQLyPmm2rLT-s4DQ0n2Pt6Hu5jwD5L8JPvoQmRo7M-7aRBAY7F1l7xGxU36nbkWOBbyaBUnuyJ3k2w
tshirt,https://l.facebook.com/l.php?u=https%3A%2F%2Fwebsite.novelbars.com%2Fshare%2Fmiddle_new%2Fvpcwyrvwekuzhwidqktduuty%3Fcampaign_id%3D%257B%257Bcampaign.id%257D%257D%26adset_id%3D%257B%257Badset.id%257D%257D%26ad_id%3D%257B%257Bad.id%257D%257D%26campaign%3D%257B%257Bcampaign.name%257D%257D%26adgroup%3D%257B%257Badset.name%257D%257D&h=AT0p4yNHP3F4bl3yLsIsajwYIuV56vzPPN8yqVrt5Nu1kp1Ui26tsMylLj3JuN0VIQG7mllUBQLyPmm2rLT-s4DQ0n2Pt6Hu5jwD5L8JPvoQmRo7M-7aRBAY7F1l7xGxU36nbkWOBbyaBUnuyJ3k2w
tshirt,https://l.facebook.com/l.php?u=https%3A%2F%2Fwrclo.com%2Fcollections%2Fss25&h=AT0p4yNHP3F4bl3yLsIsajwYIuV56vzPPN8yqVrt5Nu1kp1Ui26tsMylLj3JuN0VIQG7mllUBQLyPmm2rLT-s4DQ0n2Pt6Hu5jwD5L8JPvoQmRo7M-7aRBAY7F1l7xGxU36nbkWOBbyaBUnuyJ3k2w
tshirt,https://l.facebook.com/l.php?u=https%3A%2F%2Fwww.favnix.com%2F&h=AT0p4yNHP3F4bl3yLsIsajwYIuV56vzPPN8yqVrt5Nu1kp1Ui26tsMylLj3JuN0VIQG7mllUBQLyPmm2rLT-s4DQ0n2Pt6Hu5jwD5L8JPvoQmRo7M-7aRBAY7F1l7xGxU36nbkWOBbyaBUnuyJ3k2w
tshirt,https://l.facebook.com/l.php?u=https%3A%2F%2Fwww.nvltylondon.com%2Fcollections%2Fnew-releases&h=AT0p4yNHP3F4bl3yLsIsajwYIuV56vzPPN8yqVrt5Nu1kp1Ui26tsMylLj3JuN0VIQG7mllUBQLyPmm2rLT-s4DQ0n2Pt6Hu5jwD5L8JPvoQmRo7M-7aRBAY7F1l7xGxU36nbkWOBbyaBUnuyJ3k2w
tshirt,https://l.facebook.com/l.php?u=https%3A%2F%2Fwww.zealangel.com%2Fproducts%2Flast-3-2&h=AT0p4yNHP3F4bl3yLsIsajwYIuV56vzPPN8yqVrt5Nu1kp1Ui26tsMylLj3JuN0VIQG7mllUBQLyPmm2rLT-s4DQ0n2Pt6Hu5jwD5L8JPvoQmRo7M-7aRBAY7F1l7xGxU36nbkWOBbyaBUnuyJ3k2w
tshirt,https://l.facebook.com/l.php?u=https%3A%2F%2Fwww.zealangel.com%2Fproducts%2Flast-day-promotion-save-49-3d-retro-car-print-casual-short-sleeved-shirt-2025-summer-new-style-2&h=AT0p4yNHP3F4bl3yLsIsajwYIuV56vzPPN8yqVrt5Nu1kp1Ui26tsMylLj3JuN0VIQG7mllUBQLyPmm2rLT-s4DQ0n2Pt6Hu5jwD5L8JPvoQmRo7M-7aRBAY7F1l7xGxU36nbkWOBbyaBUnuyJ3k2w
tshirt,https://www.facebook.com/100063484029804
tshirt,https://www.facebook.com/100069607922114
tshirt,https://www.facebook.com/100086275336796
tshirt,https://www.facebook.com/100091392753950
tshirt,https://www.facebook.com/1nasiruddin
tshirt,https://www.facebook.com/61551370760458
tshirt,https://www.facebook.com/61554575701258
tshirt,https://www.facebook.com/61556448683430
tshirt,https://www.facebook.com/61556997115599
tshirt,https://www.facebook.com/61560753230988
tshirt,https://www.facebook.com/61560815181133
tshirt,https://www.facebook.com/61562076182829
tshirt,https://www.facebook.com/61562291120021
tshirt,https://www.facebook.com/61563235028447
tshirt,https://www.facebook.com/61564711850715
tshirt,https://www.facebook.com/61564881741135
tshirt,https://www.facebook.com/61566366621628
tshirt,https://www.facebook.com/61573387760664
tshirt,https://www.facebook.com/61574985274576
tshirt,https://www.facebook.com/61575182326487
tshirt,https://www.facebook.com/61575253052102
tshirt,https://www.facebook.com/61575267372013
tshirt,https://www.facebook.com/61575286921952
tshirt,https://www.facebook.com/61575925389212
tshirt,https://www.facebook.com/61576015334109
tshirt,https://www.facebook.com/AresZeusBD
tshirt,https://www.facebook.com/CityPaark
tshirt,https://www.facebook.com/Digitalmaster65
tshirt,https://www.facebook.com/FeelComfy.com.bd
tshirt,https://www.facebook.com/HijabHouseBD2
tshirt,https://www.facebook.com/KaporWola25
tshirt,https://www.facebook.com/LegacyBoutiques.Bd
tshirt,https://www.facebook.com/Mind.look.fashion.BD
tshirt,https://www.facebook.com/MunnzBD
tshirt,https://www.facebook.com/MyBabyOnlineshopBD
tshirt,https://www.facebook.com/Trendyoutfit.765
tshirt,https://www.facebook.com/akashgaming11
tshirt,https://www.facebook.com/avocado.bangladesh.apparel
tshirt,https://www.facebook.com/believers.sign
tshirt,https://www.facebook.com/bluedreamers.sbntex
tshirt,https://www.facebook.com/clothxtraltd
tshirt,https://www.facebook.com/coolshirtzz
tshirt,https://www.facebook.com/dappertbd
tshirt,https://www.facebook.com/dripbangladesh
tshirt,https://www.facebook.com/evergreenonlinefashion
tshirt,https://www.facebook.com/faaithbd
tshirt,https://www.facebook.com/favnix
tshirt,https://www.facebook.com/gokids.com.bd
tshirt,https://www.facebook.com/hplusbd
tshirt,https://www.facebook.com/imaginex.com.bd
tshirt,https://www.facebook.com/jarajerin.bd
tshirt,https://www.facebook.com/livingtexglobal
tshirt,https://www.facebook.com/luxesmparis
tshirt,https://www.facebook.com/metalhutTShirt
tshirt,https://www.facebook.com/nvltylondon
tshirt,https://www.facebook.com/pp.com.bd
tshirt,https://www.facebook.com/relaxuniform
tshirt,https://www.facebook.com/rtahaonlineshop
tshirt,https://www.facebook.com/shekhsahebbd
tshirt,https://www.facebook.com/sobkinboshop
tshirt,https://www.facebook.com/stylisignature
tshirt,https://www.facebook.com/swaagbrothers
tshirt,https://www.facebook.com/thousandtimesfashion
tshirt,https://www.facebook.com/wearze.bd
tshirt,https://www.facebook.com/westernfreakersbd
tshirt,https://www.facebook.com/wrongsandrebels
tshirt,https://www.facebook.com/yellowzone.shopbd
tshirt,https://www.facebook.com/yt.com.bd
